symbol,qa,internal_score,internal_status,market_reader_points,combined_score,combined_status,guard
BTC,PASS,4,NO_TRADE,0.0,4.0,NO_TRADE,INTERNAL_HARD_GUARD
ETH,PASS,4,NO_TRADE,0.0,4.0,NO_TRADE,INTERNAL_HARD_GUARD
SOL,PASS,7,WATCH_SUPPLY,0.0,7.0,WATCH_SUPPLY,NO_EXTERNAL_DATA_INTERNAL_ONLY
LINK,PASS,7,WATCH_SUPPLY,0.0,7.0,WATCH_SUPPLY,NO_EXTERNAL_DATA_INTERNAL_ONLY
ONDO,PASS,10,WATCH_SUPPLY,0.0,10.0,WATCH_SUPPLY,NO_EXTERNAL_DATA_INTERNAL_ONLY
RENDER,PASS,7,WATCH_SUPPLY,0.0,7.0,WATCH_SUPPLY,NO_EXTERNAL_DATA_INTERNAL_ONLY
FLOKI,PASS,4,NO_TRADE,0.0,4.0,NO_TRADE,INTERNAL_HARD_GUARD
PEPE,PASS,4,NO_TRADE,0.0,4.0,NO_TRADE,INTERNAL_HARD_GUARD
SPX6900,PASS,2,NO_TRADE,0.0,2.0,NO_TRADE,INTERNAL_HARD_GUARD
XRP,PASS,4,NO_TRADE,0.0,4.0,NO_TRADE,INTERNAL_HARD_GUARD
XLM,PASS,4,WATCH_SUPPLY,0.0,4.0,WATCH_SUPPLY,NO_EXTERNAL_DATA_INTERNAL_ONLY
HBAR,PASS,10,WATCH_SUPPLY,0.0,10.0,WATCH_SUPPLY,NO_EXTERNAL_DATA_INTERNAL_ONLY
AVAX,PASS,6,WATCH_SUPPLY,0.0,6.0,WATCH_SUPPLY,NO_EXTERNAL_DATA_INTERNAL_ONLY
AWE,PASS,7,WATCH_SUPPLY,0.0,7.0,WATCH_SUPPLY,NO_EXTERNAL_DATA_INTERNAL_ONLY
