date,symbol,rotation_score,rotation_status,rs_0_4,context_label,trade_decision
2026-09-22,AAVE,7,CONFIRMED,4,WATCH_STRONG,DATA_PENDING
2026-09-22,ETH,7,CONFIRMED,4,WATCH_STRONG,DATA_PENDING
2026-09-22,HBAR,7,CONFIRMED,2,WATCH,DATA_PENDING
2026-09-22,LINK,7,CONFIRMED,4,WATCH_STRONG,DATA_PENDING
2026-09-22,ONDO,7,CONFIRMED,2,WATCH,DATA_PENDING
2026-09-22,SOL,7,CONFIRMED,4,WATCH_STRONG,DATA_PENDING
2026-09-23,AVAX,7,CONFIRMED,0,WEAK_RELATIVE,DATA_PENDING
2026-09-23,AWE,7,CONFIRMED,0,WEAK_RELATIVE,DATA_PENDING
2026-09-23,ETH,7,CONFIRMED,4,WATCH_STRONG,DATA_PENDING
2026-09-23,FLOKI,7,CONFIRMED,0,WEAK_RELATIVE,DATA_PENDING
2026-09-23,HBAR,7,CONFIRMED,2,WATCH,DATA_PENDING
2026-09-23,LINK,7,CONFIRMED,3,WATCH_STRONG,DATA_PENDING
2026-09-23,ONDO,7,CONFIRMED,1,WEAK_RELATIVE,DATA_PENDING
2026-09-23,PEPE,7,CONFIRMED,0,WEAK_RELATIVE,DATA_PENDING
2026-09-23,RENDER,7,CONFIRMED,0,WEAK_RELATIVE,DATA_PENDING
2026-09-23,SOL,7,CONFIRMED,4,WATCH_STRONG,DATA_PENDING
2026-09-23,SPX6900,7,CONFIRMED,0,WEAK_RELATIVE,DATA_PENDING
2026-09-23,XLM,7,CONFIRMED,0,WEAK_RELATIVE,DATA_PENDING
2026-09-23,XRP,7,CONFIRMED,0,WEAK_RELATIVE,DATA_PENDING
2026-09-25,AVAX,7,CONFIRMED,0,WEAK_RELATIVE,DATA_PENDING
2026-09-25,AWE,7,CONFIRMED,0,WEAK_RELATIVE,DATA_PENDING
2026-09-25,ETH,7,CONFIRMED,4,WATCH_STRONG,DATA_PENDING
2026-09-25,FLOKI,7,CONFIRMED,0,WEAK_RELATIVE,DATA_PENDING
2026-09-25,HBAR,7,CONFIRMED,2,WATCH,DATA_PENDING
2026-09-25,LINK,7,CONFIRMED,4,WATCH_STRONG,DATA_PENDING
2026-09-25,ONDO,7,CONFIRMED,2,WATCH,DATA_PENDING
2026-09-25,PEPE,7,CONFIRMED,0,WEAK_RELATIVE,DATA_PENDING
2026-09-25,RENDER,7,CONFIRMED,0,WEAK_RELATIVE,DATA_PENDING
2026-09-25,SOL,7,CONFIRMED,4,WATCH_STRONG,DATA_PENDING
2026-09-25,SPX6900,7,CONFIRMED,0,WEAK_RELATIVE,DATA_PENDING
2026-09-25,XLM,7,CONFIRMED,0,WEAK_RELATIVE,DATA_PENDING
2026-09-25,XRP,7,CONFIRMED,0,WEAK_RELATIVE,DATA_PENDING
2026-09-26,AVAX,7,CONFIRMED,0,WEAK_RELATIVE,DATA_PENDING
2026-09-26,AWE,7,CONFIRMED,0,WEAK_RELATIVE,DATA_PENDING
2026-09-26,ETH,7,CONFIRMED,4,WATCH_STRONG,DATA_PENDING
2026-09-26,FLOKI,7,CONFIRMED,0,WEAK_RELATIVE,DATA_PENDING
2026-09-26,HBAR,7,CONFIRMED,2,WATCH,DATA_PENDING
2026-09-26,LINK,7,CONFIRMED,4,WATCH_STRONG,DATA_PENDING
2026-09-26,ONDO,7,CONFIRMED,2,WATCH,DATA_PENDING
2026-09-26,PEPE,7,CONFIRMED,0,WEAK_RELATIVE,DATA_PENDING
2026-09-26,RENDER,7,CONFIRMED,0,WEAK_RELATIVE,DATA_PENDING
2026-09-26,SOL,7,CONFIRMED,4,WATCH_STRONG,DATA_PENDING
2026-09-26,SPX6900,7,CONFIRMED,0,WEAK_RELATIVE,DATA_PENDING
2026-09-26,XLM,7,CONFIRMED,0,WEAK_RELATIVE,DATA_PENDING
2026-09-26,XRP,7,CONFIRMED,0,WEAK_RELATIVE,DATA_PENDING
2026-09-27,AVAX,7,CONFIRMED,0,WEAK_RELATIVE,DATA_PENDING
2026-09-27,AWE,7,CONFIRMED,0,WEAK_RELATIVE,DATA_PENDING
2026-09-27,ETH,7,CONFIRMED,4,WATCH_STRONG,DATA_PENDING
2026-09-27,FLOKI,7,CONFIRMED,0,WEAK_RELATIVE,DATA_PENDING
2026-09-27,HBAR,7,CONFIRMED,2,WATCH,DATA_PENDING
2026-09-27,LINK,7,CONFIRMED,4,WATCH_STRONG,DATA_PENDING
2026-09-27,ONDO,7,CONFIRMED,2,WATCH,DATA_PENDING
2026-09-27,PEPE,7,CONFIRMED,0,WEAK_RELATIVE,DATA_PENDING
2026-09-27,RENDER,7,CONFIRMED,0,WEAK_RELATIVE,DATA_PENDING
2026-09-27,SOL,7,CONFIRMED,4,WATCH_STRONG,DATA_PENDING
2026-09-27,SPX6900,7,CONFIRMED,0,WEAK_RELATIVE,DATA_PENDING
2026-09-27,XLM,7,CONFIRMED,0,WEAK_RELATIVE,DATA_PENDING
2026-09-27,XRP,7,CONFIRMED,0,WEAK_RELATIVE,DATA_PENDING
2026-09-29,AVAX,6,CONFIRMED,0,WEAK_RELATIVE,DATA_PENDING
2026-09-29,AWE,6,CONFIRMED,0,WEAK_RELATIVE,DATA_PENDING
2026-09-29,ETH,6,CONFIRMED,4,WATCH_STRONG,DATA_PENDING
2026-09-29,FLOKI,6,CONFIRMED,0,WEAK_RELATIVE,DATA_PENDING
2026-09-29,HBAR,6,CONFIRMED,2,WATCH,DATA_PENDING
2026-09-29,LINK,6,CONFIRMED,4,WATCH_STRONG,DATA_PENDING
2026-09-29,ONDO,6,CONFIRMED,2,WATCH,DATA_PENDING
2026-09-29,PEPE,6,CONFIRMED,0,WEAK_RELATIVE,DATA_PENDING
2026-09-29,RENDER,6,CONFIRMED,0,WEAK_RELATIVE,DATA_PENDING
2026-09-29,SOL,6,CONFIRMED,4,WATCH_STRONG,DATA_PENDING
2026-09-29,SPX6900,6,CONFIRMED,0,WEAK_RELATIVE,DATA_PENDING
2026-09-29,XLM,6,CONFIRMED,0,WEAK_RELATIVE,DATA_PENDING
2026-09-29,XRP,6,CONFIRMED,0,WEAK_RELATIVE,DATA_PENDING
2026-09-30,AVAX,7,CONFIRMED,0,WEAK_RELATIVE,DATA_PENDING
2026-09-30,AWE,7,CONFIRMED,0,WEAK_RELATIVE,DATA_PENDING
2026-09-30,ETH,7,CONFIRMED,4,WATCH_STRONG,DATA_PENDING
2026-09-30,FLOKI,7,CONFIRMED,0,WEAK_RELATIVE,DATA_PENDING
2026-09-30,HBAR,7,CONFIRMED,3,WATCH_STRONG,DATA_PENDING
2026-09-30,LINK,7,CONFIRMED,4,WATCH_STRONG,DATA_PENDING
2026-09-30,ONDO,7,CONFIRMED,2,WATCH,DATA_PENDING
2026-09-30,PEPE,7,CONFIRMED,0,WEAK_RELATIVE,DATA_PENDING
2026-09-30,RENDER,7,CONFIRMED,0,WEAK_RELATIVE,DATA_PENDING
2026-09-30,SOL,7,CONFIRMED,4,WATCH_STRONG,DATA_PENDING
2026-09-30,SPX6900,7,CONFIRMED,0,WEAK_RELATIVE,DATA_PENDING
2026-09-30,XLM,7,CONFIRMED,0,WEAK_RELATIVE,DATA_PENDING
2026-09-30,XRP,7,CONFIRMED,0,WEAK_RELATIVE,DATA_PENDING
2026-10-01,AVAX,5,EARLY,0,WEAK_RELATIVE,DATA_PENDING
2026-10-01,AWE,5,EARLY,0,WEAK_RELATIVE,DATA_PENDING
2026-10-01,ETH,5,EARLY,4,WATCH,DATA_PENDING
2026-10-01,FLOKI,5,EARLY,0,WEAK_RELATIVE,DATA_PENDING
2026-10-01,HBAR,5,EARLY,2,WATCH,DATA_PENDING
2026-10-01,LINK,5,EARLY,4,WATCH,DATA_PENDING
2026-10-01,ONDO,5,EARLY,2,WATCH,DATA_PENDING
2026-10-01,PEPE,5,EARLY,0,WEAK_RELATIVE,DATA_PENDING
2026-10-01,RENDER,5,EARLY,0,WEAK_RELATIVE,DATA_PENDING
2026-10-01,SOL,5,EARLY,3,WATCH,DATA_PENDING
2026-10-01,SPX6900,5,EARLY,0,WEAK_RELATIVE,DATA_PENDING
2026-10-01,XLM,5,EARLY,0,WEAK_RELATIVE,DATA_PENDING
2026-10-01,XRP,5,EARLY,0,WEAK_RELATIVE,DATA_PENDING
2026-10-03,AVAX,5,EARLY,0,WEAK_RELATIVE,DATA_PENDING
2026-10-03,AWE,5,EARLY,0,WEAK_RELATIVE,DATA_PENDING
2026-10-03,ETH,5,EARLY,4,WATCH,DATA_PENDING
2026-10-03,FLOKI,5,EARLY,0,WEAK_RELATIVE,DATA_PENDING
2026-10-03,HBAR,5,EARLY,2,WATCH,DATA_PENDING
2026-10-03,LINK,5,EARLY,4,WATCH,DATA_PENDING
2026-10-03,ONDO,5,EARLY,2,WATCH,DATA_PENDING
2026-10-03,PEPE,5,EARLY,0,WEAK_RELATIVE,DATA_PENDING
2026-10-03,RENDER,5,EARLY,0,WEAK_RELATIVE,DATA_PENDING
2026-10-03,SOL,5,EARLY,3,WATCH,DATA_PENDING
2026-10-03,SPX6900,5,EARLY,0,WEAK_RELATIVE,DATA_PENDING
2026-10-03,XLM,5,EARLY,0,WEAK_RELATIVE,DATA_PENDING
2026-10-03,XRP,5,EARLY,0,WEAK_RELATIVE,DATA_PENDING
2026-10-04,AVAX,5,EARLY,0,WEAK_RELATIVE,DATA_PENDING
2026-10-04,AWE,5,EARLY,0,WEAK_RELATIVE,DATA_PENDING
2026-10-04,ETH,5,EARLY,4,WATCH,DATA_PENDING
2026-10-04,FLOKI,5,EARLY,0,WEAK_RELATIVE,DATA_PENDING
2026-10-04,HBAR,5,EARLY,2,WATCH,DATA_PENDING
2026-10-04,LINK,5,EARLY,4,WATCH,DATA_PENDING
2026-10-04,ONDO,5,EARLY,2,WATCH,DATA_PENDING
2026-10-04,PEPE,5,EARLY,0,WEAK_RELATIVE,DATA_PENDING
2026-10-04,RENDER,5,EARLY,0,WEAK_RELATIVE,DATA_PENDING
2026-10-04,SOL,5,EARLY,3,WATCH,DATA_PENDING
2026-10-04,SPX6900,5,EARLY,0,WEAK_RELATIVE,DATA_PENDING
2026-10-04,XLM,5,EARLY,0,WEAK_RELATIVE,DATA_PENDING
2026-10-04,XRP,5,EARLY,0,WEAK_RELATIVE,DATA_PENDING
2026-10-06,AVAX,5,EARLY,0,WEAK_RELATIVE,DATA_PENDING
2026-10-06,AWE,5,EARLY,0,WEAK_RELATIVE,DATA_PENDING
2026-10-06,ETH,5,EARLY,2,WATCH,DATA_PENDING
2026-10-06,FLOKI,5,EARLY,0,WEAK_RELATIVE,DATA_PENDING
2026-10-06,HBAR,5,EARLY,4,WATCH,DATA_PENDING
2026-10-06,LINK,5,EARLY,4,WATCH,DATA_PENDING
2026-10-06,ONDO,5,EARLY,3,WATCH,DATA_PENDING
2026-10-06,PEPE,5,EARLY,0,WEAK_RELATIVE,DATA_PENDING
2026-10-06,RENDER,5,EARLY,0,WEAK_RELATIVE,DATA_PENDING
2026-10-06,SOL,5,EARLY,4,WATCH,DATA_PENDING
2026-10-06,SPX6900,5,EARLY,0,WEAK_RELATIVE,DATA_PENDING
2026-10-06,XLM,5,EARLY,0,WEAK_RELATIVE,DATA_PENDING
2026-10-06,XRP,5,EARLY,0,WEAK_RELATIVE,DATA_PENDING
2026-10-08,AVAX,5,EARLY,0,WEAK_RELATIVE,DATA_PENDING
2026-10-08,AWE,5,EARLY,0,WEAK_RELATIVE,DATA_PENDING
2026-10-08,ETH,5,EARLY,2,WATCH,DATA_PENDING
2026-10-08,FLOKI,5,EARLY,0,WEAK_RELATIVE,DATA_PENDING
2026-10-08,HBAR,5,EARLY,4,WATCH,DATA_PENDING
2026-10-08,LINK,5,EARLY,4,WATCH,DATA_PENDING
2026-10-08,ONDO,5,EARLY,3,WATCH,DATA_PENDING
2026-10-08,PEPE,5,EARLY,0,WEAK_RELATIVE,DATA_PENDING
2026-10-08,RENDER,5,EARLY,0,WEAK_RELATIVE,DATA_PENDING
2026-10-08,SOL,5,EARLY,4,WATCH,DATA_PENDING
2026-10-08,SPX6900,5,EARLY,0,WEAK_RELATIVE,DATA_PENDING
2026-10-08,XLM,5,EARLY,0,WEAK_RELATIVE,DATA_PENDING
2026-10-08,XRP,5,EARLY,0,WEAK_RELATIVE,DATA_PENDING
