date,symbol,qa,trend_score_0_4,fresh_breakout_20d,retest_confirmed_10d,fomo_score_0_10,fomo_label
2026-09-22,AAVE,PASS,4,False,False,2,NORMAL
2026-09-22,ETH,PASS,4,False,True,2,NORMAL
2026-09-22,HBAR,PASS,3,True,True,5,WATCH
2026-09-22,LINK,PASS,4,False,False,2,NORMAL
2026-09-22,ONDO,PASS,3,False,True,3,NORMAL
2026-09-22,SOL,PASS,4,False,True,4,WATCH
2026-09-23,ETH,PASS,4,False,True,4,WATCH
2026-09-23,FLOKI,PASS,4,True,False,7,RISK
2026-09-23,HBAR,PASS,4,True,True,9,HARD_BLOCK
2026-09-23,LINK,PASS,4,False,False,3,NORMAL
2026-09-23,ONDO,PASS,4,False,True,4,WATCH
2026-09-23,PEPE,PASS,4,False,True,9,HARD_BLOCK
2026-09-23,RENDER,PASS,4,False,True,7,RISK
2026-09-23,SOL,PASS,4,False,True,5,WATCH
2026-09-23,SPX6900,PASS,4,False,False,2,NORMAL
2026-09-23,XLM,PASS,4,False,True,5,WATCH
2026-09-23,XRP,PASS,4,False,True,4,WATCH
2026-09-24,AVAX,PASS,4,False,True,5,WATCH
2026-09-24,AWE,PASS,4,False,False,0,NORMAL
2026-09-24,ETH,PASS,4,False,True,0,NORMAL
2026-09-24,FLOKI,PASS,3,False,False,0,NORMAL
2026-09-24,HBAR,PASS,4,False,True,3,NORMAL
2026-09-24,LINK,PASS,4,False,False,0,NORMAL
2026-09-24,ONDO,PASS,4,False,True,0,NORMAL
2026-09-24,PEPE,PASS,4,False,True,2,NORMAL
2026-09-24,RENDER,PASS,4,False,True,3,NORMAL
2026-09-24,SOL,PASS,4,False,True,1,NORMAL
2026-09-24,SPX6900,PASS,1,False,False,0,NORMAL
2026-09-24,XLM,PASS,4,False,True,0,NORMAL
2026-09-24,XRP,PASS,4,False,True,1,NORMAL
2026-09-25,AVAX,PASS,4,False,True,1,NORMAL
2026-09-25,AWE,PASS,4,False,True,0,NORMAL
2026-09-25,ETH,PASS,4,False,True,0,NORMAL
2026-09-25,FLOKI,PASS,3,False,True,1,NORMAL
2026-09-25,HBAR,PASS,4,False,True,3,NORMAL
2026-09-25,LINK,PASS,4,False,False,1,NORMAL
2026-09-25,ONDO,PASS,4,True,True,8,HARD_BLOCK
2026-09-25,PEPE,PASS,4,False,True,1,NORMAL
2026-09-25,RENDER,PASS,4,False,True,5,WATCH
2026-09-25,SOL,PASS,4,False,True,1,NORMAL
2026-09-25,SPX6900,PASS,2,False,False,0,NORMAL
2026-09-25,XLM,PASS,4,False,True,3,NORMAL
2026-09-25,XRP,PASS,4,False,True,1,NORMAL
2026-09-26,AVAX,PASS,4,False,True,2,NORMAL
2026-09-26,AWE,PASS,4,False,True,0,NORMAL
2026-09-26,ETH,PASS,4,False,True,0,NORMAL
2026-09-26,FLOKI,PASS,3,False,True,2,NORMAL
2026-09-26,HBAR,PASS,4,False,True,4,WATCH
2026-09-26,LINK,PASS,4,True,False,4,WATCH
2026-09-26,ONDO,PASS,4,True,True,8,HARD_BLOCK
2026-09-26,PEPE,PASS,4,False,True,2,NORMAL
2026-09-26,RENDER,PASS,4,True,True,6,RISK
2026-09-26,SOL,PASS,4,True,True,3,NORMAL
2026-09-26,SPX6900,PASS,3,False,False,0,NORMAL
2026-09-26,XLM,PASS,4,False,True,3,NORMAL
2026-09-26,XRP,PASS,4,False,True,2,NORMAL
2026-09-27,AVAX,PASS,4,False,True,4,WATCH
2026-09-27,AWE,PASS,4,False,True,3,NORMAL
2026-09-27,ETH,PASS,4,False,True,0,NORMAL
2026-09-27,FLOKI,PASS,3,False,True,0,NORMAL
2026-09-27,HBAR,PASS,4,False,True,1,NORMAL
2026-09-27,LINK,PASS,4,False,True,3,NORMAL
2026-09-27,ONDO,PASS,4,False,True,7,RISK
2026-09-27,PEPE,PASS,4,False,True,0,NORMAL
2026-09-27,RENDER,PASS,4,False,True,5,WATCH
2026-09-27,SOL,PASS,4,False,True,2,NORMAL
2026-09-27,SPX6900,PASS,2,False,False,0,NORMAL
2026-09-27,XLM,PASS,4,False,True,0,NORMAL
2026-09-27,XRP,PASS,4,False,True,0,NORMAL
2026-09-28,AVAX,PASS,4,False,True,4,WATCH
2026-09-28,AWE,PASS,4,False,True,1,NORMAL
2026-09-28,ETH,PASS,4,False,True,0,NORMAL
2026-09-28,FLOKI,PASS,3,False,True,0,NORMAL
2026-09-28,HBAR,PASS,4,False,True,1,NORMAL
2026-09-28,LINK,PASS,4,False,True,2,NORMAL
2026-09-28,ONDO,PASS,4,True,True,9,HARD_BLOCK
2026-09-28,PEPE,PASS,4,False,True,0,NORMAL
2026-09-28,RENDER,PASS,4,False,True,6,RISK
2026-09-28,SOL,PASS,4,False,True,2,NORMAL
2026-09-28,SPX6900,PASS,2,False,False,0,NORMAL
2026-09-28,XLM,PASS,4,False,True,0,NORMAL
2026-09-28,XRP,PASS,4,False,True,0,NORMAL
2026-09-29,AVAX,PASS,4,False,True,1,NORMAL
2026-09-29,AWE,PASS,4,False,True,0,NORMAL
2026-09-29,ETH,PASS,4,False,True,0,NORMAL
2026-09-29,FLOKI,PASS,3,False,True,0,NORMAL
2026-09-29,HBAR,PASS,4,True,True,10,HARD_BLOCK
2026-09-29,LINK,PASS,4,True,True,8,HARD_BLOCK
2026-09-29,ONDO,PASS,4,False,True,4,WATCH
2026-09-29,PEPE,PASS,4,False,True,0,NORMAL
2026-09-29,RENDER,PASS,4,False,True,3,NORMAL
2026-09-29,SOL,PASS,4,False,True,0,NORMAL
2026-09-29,SPX6900,PASS,1,False,False,0,NORMAL
2026-09-29,XLM,PASS,4,True,True,5,WATCH
2026-09-29,XRP,PASS,4,False,True,0,NORMAL
2026-09-30,AVAX,PASS,4,False,True,6,RISK
2026-09-30,AWE,PASS,4,False,False,1,NORMAL
2026-09-30,ETH,PASS,4,False,True,0,NORMAL
2026-09-30,FLOKI,PASS,3,False,True,0,NORMAL
2026-09-30,HBAR,PASS,4,False,True,2,NORMAL
2026-09-30,LINK,PASS,4,False,True,3,NORMAL
2026-09-30,ONDO,PASS,4,False,True,0,NORMAL
2026-09-30,PEPE,PASS,4,False,True,0,NORMAL
2026-09-30,RENDER,PASS,4,False,True,0,NORMAL
2026-09-30,SOL,PASS,4,False,True,0,NORMAL
2026-09-30,SPX6900,PASS,1,False,False,0,NORMAL
2026-09-30,XLM,PASS,4,False,True,0,NORMAL
2026-09-30,XRP,PASS,4,False,True,0,NORMAL
2026-10-01,AVAX,PASS,4,False,True,0,NORMAL
2026-10-01,AWE,PASS,4,False,False,2,NORMAL
2026-10-01,ETH,PASS,4,False,True,0,NORMAL
2026-10-01,FLOKI,PASS,3,False,True,0,NORMAL
2026-10-01,HBAR,PASS,4,False,True,1,NORMAL
2026-10-01,LINK,PASS,4,False,True,0,NORMAL
2026-10-01,ONDO,PASS,4,False,True,0,NORMAL
2026-10-01,PEPE,PASS,4,False,True,0,NORMAL
2026-10-01,RENDER,PASS,4,False,True,0,NORMAL
2026-10-01,SOL,PASS,4,False,True,0,NORMAL
2026-10-01,SPX6900,PASS,2,False,False,0,NORMAL
2026-10-01,XLM,PASS,4,False,True,0,NORMAL
2026-10-01,XRP,PASS,4,False,True,0,NORMAL
2026-10-02,AVAX,PASS,4,False,False,0,NORMAL
2026-10-02,AWE,PASS,4,False,False,2,NORMAL
2026-10-02,ETH,PASS,4,False,True,0,NORMAL
2026-10-02,FLOKI,PASS,3,False,True,0,NORMAL
2026-10-02,HBAR,PASS,4,False,True,1,NORMAL
2026-10-02,LINK,PASS,4,False,True,0,NORMAL
2026-10-02,ONDO,PASS,4,False,True,0,NORMAL
2026-10-02,PEPE,PASS,4,False,True,0,NORMAL
2026-10-02,RENDER,PASS,4,False,True,0,NORMAL
2026-10-02,SOL,PASS,4,False,True,0,NORMAL
2026-10-02,SPX6900,PASS,2,False,False,0,NORMAL
2026-10-02,XLM,PASS,4,False,True,0,NORMAL
2026-10-02,XRP,PASS,4,False,True,0,NORMAL
2026-10-03,AVAX,PASS,4,False,False,0,NORMAL
2026-10-03,AWE,PASS,4,False,False,0,NORMAL
2026-10-03,ETH,PASS,4,False,False,0,NORMAL
2026-10-03,FLOKI,PASS,3,False,False,0,NORMAL
2026-10-03,HBAR,PASS,4,False,True,1,NORMAL
2026-10-03,LINK,PASS,4,False,True,0,NORMAL
2026-10-03,ONDO,PASS,4,False,True,0,NORMAL
2026-10-03,PEPE,PASS,4,False,False,0,NORMAL
2026-10-03,RENDER,PASS,4,False,True,0,NORMAL
2026-10-03,SOL,PASS,4,False,True,0,NORMAL
2026-10-03,SPX6900,PASS,1,False,False,0,NORMAL
2026-10-03,XLM,PASS,4,False,False,0,NORMAL
2026-10-03,XRP,PASS,4,False,False,0,NORMAL
2026-10-04,AVAX,PASS,4,False,False,0,NORMAL
2026-10-04,AWE,PASS,4,False,False,0,NORMAL
2026-10-04,ETH,PASS,4,False,False,0,NORMAL
2026-10-04,FLOKI,PASS,3,False,False,0,NORMAL
2026-10-04,HBAR,PASS,4,False,True,0,NORMAL
2026-10-04,LINK,PASS,4,False,True,0,NORMAL
2026-10-04,ONDO,PASS,4,False,True,0,NORMAL
2026-10-04,PEPE,PASS,4,False,False,0,NORMAL
2026-10-04,RENDER,PASS,4,False,True,0,NORMAL
2026-10-04,SOL,PASS,4,False,True,0,NORMAL
2026-10-04,SPX6900,PASS,2,False,False,1,NORMAL
2026-10-04,XLM,PASS,4,False,False,0,NORMAL
2026-10-04,XRP,PASS,4,False,False,0,NORMAL
2026-10-05,AVAX,PASS,4,False,False,0,NORMAL
2026-10-05,AWE,PASS,4,False,False,0,NORMAL
2026-10-05,ETH,PASS,4,False,False,0,NORMAL
2026-10-05,FLOKI,PASS,3,False,False,0,NORMAL
2026-10-05,HBAR,PASS,4,False,True,0,NORMAL
2026-10-05,LINK,PASS,4,False,True,0,NORMAL
2026-10-05,ONDO,PASS,4,False,True,0,NORMAL
2026-10-05,PEPE,PASS,4,False,False,0,NORMAL
2026-10-05,RENDER,PASS,4,False,True,0,NORMAL
2026-10-05,SOL,PASS,4,False,True,0,NORMAL
2026-10-05,SPX6900,PASS,2,False,False,1,NORMAL
2026-10-05,XLM,PASS,4,False,False,0,NORMAL
2026-10-05,XRP,PASS,4,False,False,0,NORMAL
2026-10-06,AVAX,PASS,4,False,False,0,NORMAL
2026-10-06,AWE,PASS,4,False,False,0,NORMAL
2026-10-06,ETH,PASS,4,False,False,0,NORMAL
2026-10-06,FLOKI,PASS,3,False,False,0,NORMAL
2026-10-06,HBAR,PASS,4,False,True,0,NORMAL
2026-10-06,LINK,PASS,4,False,True,0,NORMAL
2026-10-06,ONDO,PASS,4,False,True,0,NORMAL
2026-10-06,PEPE,PASS,4,False,False,0,NORMAL
2026-10-06,RENDER,PASS,4,False,True,2,NORMAL
2026-10-06,SOL,PASS,4,False,True,0,NORMAL
2026-10-06,SPX6900,PASS,2,False,False,0,NORMAL
2026-10-06,XLM,PASS,4,False,False,0,NORMAL
2026-10-06,XRP,PASS,4,False,False,0,NORMAL
2026-10-07,AVAX,PASS,4,False,False,1,NORMAL
2026-10-07,AWE,PASS,3,False,False,0,NORMAL
2026-10-07,ETH,PASS,4,False,False,0,NORMAL
2026-10-07,FLOKI,PASS,3,False,False,0,NORMAL
2026-10-07,HBAR,PASS,4,False,True,0,NORMAL
2026-10-07,LINK,PASS,4,False,True,0,NORMAL
2026-10-07,ONDO,PASS,4,False,False,0,NORMAL
2026-10-07,PEPE,PASS,4,False,False,0,NORMAL
2026-10-07,RENDER,PASS,4,True,False,6,RISK
2026-10-07,SOL,PASS,4,False,False,0,NORMAL
2026-10-07,SPX6900,PASS,0,False,False,0,NORMAL
2026-10-07,XLM,PASS,4,False,False,0,NORMAL
2026-10-07,XRP,PASS,4,False,False,0,NORMAL
