symbol,decision,data_quality_score_0_100,readiness_status,full_zone_missing
ETH,SPRAWDŹ,100,PRODUCTION_DATA_READY,
SOL,CZEKAJ,100,PRODUCTION_DATA_READY,
LINK,CZEKAJ,100,PRODUCTION_DATA_READY,
ONDO,CZEKAJ,100,PRODUCTION_DATA_READY,
RENDER,CZEKAJ,100,PRODUCTION_DATA_READY,
FLOKI,KUP DCA,100,PRODUCTION_DATA_READY,
PEPE,SPRAWDŹ,100,PRODUCTION_DATA_READY,
SPX6900,CZEKAJ,100,PRODUCTION_DATA_READY,
XRP,SPRAWDŹ,100,PRODUCTION_DATA_READY,
XLM,SPRAWDŹ,100,PRODUCTION_DATA_READY,
HBAR,CZEKAJ,100,PRODUCTION_DATA_READY,
AVAX,SPRAWDŹ,100,PRODUCTION_DATA_READY,
AWE,SPRAWDŹ,100,PRODUCTION_DATA_READY,
