date,symbol,decision,price,rotation_score,trend_score,fomo_score,blockers,entry_blockers,long_flow_score,zones_complete
2026-09-22,AAVE,DATA_PENDING,148.06,7.0,4.0,2.0,STREFY_MISSING,,7.0,
2026-09-22,AVAX,DATA_PENDING,,,,,TECHNICAL_LAYER_MISSING,TECHNICAL_LAYER_MISSING,,
2026-09-22,AWE,DATA_PENDING,,,,,TECHNICAL_LAYER_MISSING,TECHNICAL_LAYER_MISSING,,
2026-09-22,ETH,CZEKAJ,2753.63,7.0,4.0,4.0,,IN_SUPPLY,7.0,
2026-09-22,FLOKI,SPRAWDŹ,3.032e-05,7.0,4.0,7.0,,IN_SUPPLY,7.0,
2026-09-22,HBAR,CZEKAJ — FOMO,0.0991,7.0,4.0,9.0,,IN_SUPPLY|FOMO_HARD_BLOCK,7.0,
2026-09-22,LINK,SPRAWDŹ,13.046,7.0,4.0,3.0,,IN_SUPPLY,7.0,
2026-09-22,ONDO,CZEKAJ,0.4413,7.0,4.0,4.0,,IN_SUPPLY,7.0,
2026-09-22,PEPE,CZEKAJ — FOMO,4.99e-06,7.0,4.0,9.0,,IN_SUPPLY|FOMO_HARD_BLOCK,7.0,
2026-09-22,RENDER,CZEKAJ,1.852,7.0,4.0,7.0,,IN_SUPPLY,7.0,
2026-09-22,SOL,CZEKAJ,118.57,7.0,4.0,5.0,,IN_SUPPLY,7.0,
2026-09-22,SPX6900,SPRAWDŹ,0.5198,7.0,4.0,2.0,,IN_SUPPLY,7.0,
2026-09-22,XLM,CZEKAJ,0.2162,7.0,4.0,5.0,,IN_SUPPLY,7.0,
2026-09-22,XRP,CZEKAJ,1.5727,7.0,4.0,4.0,,IN_SUPPLY,7.0,
2026-09-23,AVAX,CZEKAJ — FOMO,11.313,7.0,4.0,10.0,,IN_SUPPLY|FOMO_HARD_BLOCK,7.0,
2026-09-23,AWE,CZEKAJ,0.06424,7.0,4.0,0.0,,,7.0,
2026-09-23,ETH,CZEKAJ,2753.63,7.0,4.0,4.0,,IN_SUPPLY,7.0,
2026-09-23,FLOKI,SPRAWDŹ,3.032e-05,7.0,4.0,7.0,,IN_SUPPLY,7.0,
2026-09-23,HBAR,CZEKAJ — FOMO,0.0991,7.0,4.0,9.0,,IN_SUPPLY|FOMO_HARD_BLOCK,7.0,
2026-09-23,LINK,SPRAWDŹ,13.046,7.0,4.0,3.0,,IN_SUPPLY,7.0,
2026-09-23,ONDO,CZEKAJ,0.4413,7.0,4.0,4.0,,IN_SUPPLY,7.0,
2026-09-23,PEPE,CZEKAJ — FOMO,4.99e-06,7.0,4.0,9.0,,IN_SUPPLY|FOMO_HARD_BLOCK,7.0,
2026-09-23,RENDER,CZEKAJ,1.852,7.0,4.0,7.0,,IN_SUPPLY,7.0,
2026-09-23,SOL,CZEKAJ,118.57,7.0,4.0,5.0,,IN_SUPPLY,7.0,
2026-09-23,SPX6900,SPRAWDŹ,0.5198,7.0,4.0,2.0,,IN_SUPPLY,7.0,
2026-09-23,XLM,CZEKAJ,0.2162,7.0,4.0,5.0,,IN_SUPPLY,7.0,
2026-09-23,XRP,CZEKAJ,1.5727,7.0,4.0,4.0,,IN_SUPPLY,7.0,
2026-09-24,AVAX,CZEKAJ,10.264,7.0,4.0,5.0,,IN_SUPPLY,7.0,
2026-09-24,AWE,CZEKAJ,0.06337,7.0,4.0,0.0,,,7.0,
2026-09-24,ETH,CZEKAJ,2684.71,7.0,4.0,0.0,,IN_SUPPLY,7.0,
2026-09-24,FLOKI,KUP DCA,2.724e-05,7.0,3.0,0.0,,,7.0,
2026-09-24,HBAR,CZEKAJ,0.0905,7.0,4.0,3.0,,IN_SUPPLY,7.0,
2026-09-24,LINK,SPRAWDŹ,12.355,7.0,4.0,0.0,,IN_SUPPLY,7.0,
2026-09-24,ONDO,KUP PO RETEŚCIE,0.4126,7.0,4.0,0.0,,,7.0,
2026-09-24,PEPE,CZEKAJ,4.34e-06,7.0,4.0,2.0,,IN_SUPPLY,7.0,
2026-09-24,RENDER,KUP PO RETEŚCIE,1.734,7.0,4.0,3.0,,,7.0,
2026-09-24,SOL,CZEKAJ,114.99,7.0,4.0,1.0,,IN_SUPPLY,7.0,
2026-09-24,SPX6900,CZEKAJ,0.4302,7.0,1.0,0.0,,,7.0,
2026-09-24,XLM,KUP DCA,0.2021,7.0,4.0,0.0,,,7.0,
2026-09-24,XRP,CZEKAJ,1.501,7.0,4.0,1.0,,IN_SUPPLY,7.0,
2026-09-25,AVAX,CZEKAJ,10.207,7.0,4.0,1.0,,IN_SUPPLY,7.0,
2026-09-25,AWE,KUP PO RETEŚCIE,0.06483,7.0,4.0,0.0,,,7.0,
2026-09-25,ETH,CZEKAJ,2688.05,7.0,4.0,0.0,,IN_SUPPLY,7.0,
2026-09-25,FLOKI,CZEKAJ,2.838e-05,7.0,3.0,1.0,,IN_SUPPLY,7.0,
2026-09-25,HBAR,CZEKAJ,0.09309,7.0,4.0,3.0,,IN_SUPPLY,7.0,
2026-09-25,LINK,SPRAWDŹ,13.221,7.0,4.0,1.0,,IN_SUPPLY,7.0,
2026-09-25,ONDO,CZEKAJ — FOMO,0.522,7.0,4.0,8.0,,IN_SUPPLY|FOMO_HARD_BLOCK,7.0,
2026-09-25,PEPE,CZEKAJ,4.43e-06,7.0,4.0,1.0,,IN_SUPPLY,7.0,
2026-09-25,RENDER,CZEKAJ,1.855,7.0,4.0,5.0,,IN_SUPPLY,7.0,
2026-09-25,SOL,CZEKAJ,117.04,7.0,4.0,1.0,,IN_SUPPLY,7.0,
2026-09-25,SPX6900,KUP DCA,0.4386,7.0,2.0,0.0,,,7.0,
2026-09-25,XLM,CZEKAJ,0.2177,7.0,4.0,3.0,,IN_SUPPLY,7.0,
2026-09-25,XRP,CZEKAJ,1.5348,7.0,4.0,1.0,,IN_SUPPLY,7.0,
2026-09-26,AVAX,CZEKAJ,10.652,7.0,4.0,2.0,,IN_SUPPLY,7.0,
2026-09-26,AWE,CZEKAJ,0.066,7.0,4.0,0.0,,IN_SUPPLY,7.0,
2026-09-26,ETH,CZEKAJ,2691.61,7.0,4.0,0.0,,IN_SUPPLY,7.0,
2026-09-26,FLOKI,CZEKAJ,2.881e-05,7.0,3.0,2.0,,IN_SUPPLY,7.0,
2026-09-26,HBAR,CZEKAJ,0.09569,7.0,4.0,4.0,,IN_SUPPLY,7.0,
2026-09-26,LINK,SPRAWDŹ,13.93,7.0,4.0,4.0,,IN_SUPPLY,7.0,
2026-09-26,ONDO,CZEKAJ — FOMO,0.5492,7.0,4.0,8.0,,IN_SUPPLY|FOMO_HARD_BLOCK,7.0,
2026-09-26,PEPE,CZEKAJ,4.49e-06,7.0,4.0,2.0,,IN_SUPPLY,7.0,
2026-09-26,RENDER,CZEKAJ,1.947,7.0,4.0,6.0,,IN_SUPPLY,7.0,
2026-09-26,SOL,CZEKAJ,122.15,7.0,4.0,3.0,,IN_SUPPLY,7.0,
2026-09-26,SPX6900,KUP DCA,0.4641,7.0,3.0,0.0,,,7.0,
2026-09-26,XLM,CZEKAJ,0.2204,7.0,4.0,3.0,,IN_SUPPLY,7.0,
2026-09-26,XRP,CZEKAJ,1.5685,7.0,4.0,2.0,,IN_SUPPLY,7.0,
2026-09-27,AVAX,CZEKAJ,10.905,7.0,4.0,4.0,,IN_SUPPLY,7.0,
2026-09-27,AWE,CZEKAJ,0.06837,7.0,4.0,1.0,,IN_SUPPLY,7.0,
2026-09-27,ETH,CZEKAJ,2688.65,7.0,4.0,0.0,,IN_SUPPLY,7.0,
2026-09-27,FLOKI,CZEKAJ,2.857e-05,7.0,3.0,0.0,,IN_SUPPLY,7.0,
2026-09-27,HBAR,CZEKAJ,0.09586,7.0,4.0,1.0,,IN_SUPPLY,7.0,
2026-09-27,LINK,CZEKAJ,14.024,7.0,4.0,2.0,,IN_SUPPLY,7.0,
2026-09-27,ONDO,CZEKAJ — FOMO,0.5877,7.0,4.0,9.0,,IN_SUPPLY|FOMO_HARD_BLOCK,7.0,
2026-09-27,PEPE,CZEKAJ,4.36e-06,7.0,4.0,0.0,,IN_SUPPLY,7.0,
2026-09-27,RENDER,CZEKAJ,2.055,7.0,4.0,6.0,,IN_SUPPLY,7.0,
2026-09-27,SOL,CZEKAJ,121.99,7.0,4.0,2.0,,IN_SUPPLY,7.0,
2026-09-27,SPX6900,KUP DCA,0.4446,7.0,2.0,0.0,,,7.0,
2026-09-27,XLM,CZEKAJ,0.2158,7.0,4.0,0.0,,IN_SUPPLY,7.0,
2026-09-27,XRP,CZEKAJ,1.5167,7.0,4.0,0.0,,IN_SUPPLY,7.0,
2026-09-28,AVAX,SPRAWDŹ,10.905,,4.0,4.0,,W_STREFIE_PODAŻY,,1.0
2026-09-28,AWE,SPRAWDŹ,0.06837,,4.0,1.0,,W_STREFIE_PODAŻY,,1.0
2026-09-28,ETH,SPRAWDŹ,2688.65,,4.0,0.0,,W_STREFIE_PODAŻY,,1.0
2026-09-28,FLOKI,SPRAWDŹ,2.857e-05,,3.0,0.0,,W_STREFIE_PODAŻY,,1.0
2026-09-28,HBAR,SPRAWDŹ,0.09586,,4.0,1.0,,W_STREFIE_PODAŻY,,1.0
2026-09-28,LINK,SPRAWDŹ,14.024,,4.0,2.0,,W_STREFIE_PODAŻY,,1.0
2026-09-28,ONDO,CZEKAJ,0.5877,,4.0,9.0,,W_STREFIE_PODAŻY|FOMO_SKRAJNE,,1.0
2026-09-28,PEPE,SPRAWDŹ,4.36e-06,,4.0,0.0,,W_STREFIE_PODAŻY,,1.0
2026-09-28,RENDER,SPRAWDŹ,2.055,,4.0,6.0,,W_STREFIE_PODAŻY,,1.0
2026-09-28,SOL,SPRAWDŹ,121.99,,4.0,2.0,,W_STREFIE_PODAŻY,,1.0
2026-09-28,SPX6900,KUP DCA,0.4446,,2.0,0.0,,,,1.0
2026-09-28,XLM,SPRAWDŹ,0.2158,,4.0,0.0,,W_STREFIE_PODAŻY,,1.0
2026-09-28,XRP,SPRAWDŹ,1.5167,,4.0,0.0,,W_STREFIE_PODAŻY,,1.0
2026-09-29,AVAX,CZEKAJ,10.616,6.0,4.0,1.0,,IN_SUPPLY,7.0,
2026-09-29,AWE,KUP PO RETEŚCIE,0.06555,6.0,4.0,0.0,,,7.0,
2026-09-29,ETH,CZEKAJ,2688.71,6.0,4.0,0.0,,IN_SUPPLY,7.0,
2026-09-29,FLOKI,KUP DCA,2.699e-05,6.0,3.0,0.0,,,7.0,
2026-09-29,HBAR,CZEKAJ — FOMO,0.12205,6.0,4.0,10.0,,FOMO_HARD_BLOCK,7.0,
2026-09-29,LINK,CZEKAJ — FOMO,15.452,6.0,4.0,8.0,,IN_SUPPLY|FOMO_HARD_BLOCK,7.0,
2026-09-29,ONDO,CZEKAJ,0.5199,6.0,4.0,4.0,,IN_SUPPLY,7.0,
2026-09-29,PEPE,CZEKAJ,4.21e-06,6.0,4.0,0.0,,IN_SUPPLY,7.0,
2026-09-29,RENDER,CZEKAJ,1.95,6.0,4.0,3.0,,IN_SUPPLY,7.0,
2026-09-29,SOL,CZEKAJ,118.89,6.0,4.0,0.0,,IN_SUPPLY,7.0,
2026-09-29,SPX6900,CZEKAJ,0.4192,6.0,1.0,0.0,,,7.0,
2026-09-29,XLM,CZEKAJ,0.2325,6.0,4.0,5.0,,IN_SUPPLY,7.0,
2026-09-29,XRP,CZEKAJ,1.4968,6.0,4.0,0.0,,IN_SUPPLY,7.0,
2026-09-30,AVAX,CZEKAJ,11.436,7.0,4.0,6.0,,IN_SUPPLY,7.0,
2026-09-30,AWE,SPRAWDŹ,0.07044,7.0,4.0,1.0,,IN_SUPPLY,7.0,
2026-09-30,ETH,CZEKAJ,2677.98,7.0,4.0,0.0,,IN_SUPPLY,7.0,
2026-09-30,FLOKI,KUP DCA,2.74e-05,7.0,3.0,0.0,,,7.0,
2026-09-30,HBAR,CZEKAJ,0.10241,7.0,4.0,2.0,,IN_SUPPLY,7.0,
2026-09-30,LINK,CZEKAJ,14.607,7.0,4.0,3.0,,IN_SUPPLY,7.0,
2026-09-30,ONDO,CZEKAJ,0.502,7.0,4.0,0.0,,IN_SUPPLY,7.0,
2026-09-30,PEPE,CZEKAJ,4.26e-06,7.0,4.0,0.0,,IN_SUPPLY,7.0,
2026-09-30,RENDER,CZEKAJ,1.909,7.0,4.0,0.0,,IN_SUPPLY,7.0,
2026-09-30,SOL,CZEKAJ,119.15,7.0,4.0,0.0,,IN_SUPPLY,7.0,
2026-09-30,SPX6900,CZEKAJ,0.4148,7.0,1.0,0.0,,,7.0,
2026-09-30,XLM,CZEKAJ,0.2223,7.0,4.0,0.0,,IN_SUPPLY,7.0,
2026-09-30,XRP,CZEKAJ,1.4906,7.0,4.0,0.0,,IN_SUPPLY,7.0,
2026-10-01,AVAX,CZEKAJ,10.937,5.0,4.0,0.0,,IN_SUPPLY,6.0,
2026-10-01,AWE,SPRAWDŹ,0.07257,5.0,4.0,2.0,,IN_SUPPLY,6.0,
2026-10-01,ETH,CZEKAJ,2686.01,5.0,4.0,0.0,,IN_SUPPLY,6.0,
2026-10-01,FLOKI,KUP DCA,2.769e-05,5.0,3.0,0.0,,,6.0,
2026-10-01,HBAR,CZEKAJ,0.10476,5.0,4.0,1.0,,IN_SUPPLY,6.0,
2026-10-01,LINK,CZEKAJ,14.366,5.0,4.0,0.0,,IN_SUPPLY,6.0,
2026-10-01,ONDO,CZEKAJ,0.4998,5.0,4.0,0.0,,IN_SUPPLY,6.0,
2026-10-01,PEPE,CZEKAJ,4.28e-06,5.0,4.0,0.0,,IN_SUPPLY,6.0,
2026-10-01,RENDER,CZEKAJ,1.914,5.0,4.0,0.0,,IN_SUPPLY,6.0,
2026-10-01,SOL,CZEKAJ,118.12,5.0,4.0,0.0,,IN_SUPPLY,6.0,
2026-10-01,SPX6900,KUP DCA,0.4446,5.0,2.0,0.0,,,6.0,
2026-10-01,XLM,CZEKAJ,0.2263,5.0,4.0,0.0,,IN_SUPPLY,6.0,
2026-10-01,XRP,CZEKAJ,1.49,5.0,4.0,0.0,,IN_SUPPLY,6.0,
2026-10-02,AVAX,SPRAWDŹ,10.99,5.0,4.0,0.0,,IN_SUPPLY,6.0,
2026-10-02,AWE,SPRAWDŹ,0.07504,5.0,4.0,2.0,,IN_SUPPLY,6.0,
2026-10-02,ETH,CZEKAJ,2706.42,5.0,4.0,0.0,,IN_SUPPLY,6.0,
2026-10-02,FLOKI,CZEKAJ,2.782e-05,5.0,3.0,0.0,,IN_SUPPLY,6.0,
2026-10-02,HBAR,CZEKAJ,0.10265,5.0,4.0,1.0,,IN_SUPPLY,6.0,
2026-10-02,LINK,CZEKAJ,14.386,5.0,4.0,0.0,,IN_SUPPLY,6.0,
2026-10-02,ONDO,CZEKAJ,0.4973,5.0,4.0,0.0,,IN_SUPPLY,6.0,
2026-10-02,PEPE,CZEKAJ,4.43e-06,5.0,4.0,0.0,,IN_SUPPLY,6.0,
2026-10-02,RENDER,CZEKAJ,1.91,5.0,4.0,0.0,,IN_SUPPLY,6.0,
2026-10-02,SOL,CZEKAJ,118.41,5.0,4.0,0.0,,IN_SUPPLY,6.0,
2026-10-02,SPX6900,KUP DCA,0.4408,5.0,2.0,0.0,,,6.0,
2026-10-02,XLM,CZEKAJ,0.2191,5.0,4.0,0.0,,IN_SUPPLY,6.0,
2026-10-02,XRP,CZEKAJ,1.4939,5.0,4.0,0.0,,IN_SUPPLY,6.0,
2026-10-03,AVAX,SPRAWDŹ,10.8,5.0,4.0,0.0,,IN_SUPPLY,6.0,
2026-10-03,AWE,SPRAWDŹ,0.07043,5.0,4.0,0.0,,IN_SUPPLY,6.0,
2026-10-03,ETH,SPRAWDŹ,2668.59,5.0,4.0,0.0,,IN_SUPPLY,6.0,
2026-10-03,FLOKI,KUP DCA,2.723e-05,5.0,3.0,0.0,,,6.0,
2026-10-03,HBAR,CZEKAJ,0.1024,5.0,4.0,1.0,,IN_SUPPLY,6.0,
2026-10-03,LINK,CZEKAJ,13.794,5.0,4.0,0.0,,IN_SUPPLY,6.0,
2026-10-03,ONDO,CZEKAJ,0.4927,5.0,4.0,0.0,,IN_SUPPLY,6.0,
2026-10-03,PEPE,SPRAWDŹ,4.25e-06,5.0,4.0,0.0,,IN_SUPPLY,6.0,
2026-10-03,RENDER,CZEKAJ,1.974,5.0,4.0,0.0,,IN_SUPPLY,6.0,
2026-10-03,SOL,CZEKAJ,118.65,5.0,4.0,0.0,,IN_SUPPLY,6.0,
2026-10-03,SPX6900,CZEKAJ,0.4256,5.0,1.0,0.0,,,6.0,
2026-10-03,XLM,SPRAWDŹ,0.2155,5.0,4.0,0.0,,IN_SUPPLY,6.0,
2026-10-03,XRP,SPRAWDŹ,1.4847,5.0,4.0,0.0,,IN_SUPPLY,6.0,
2026-10-04,AVAX,SPRAWDŹ,11.125,5.0,4.0,0.0,,IN_SUPPLY,6.0,
2026-10-04,AWE,SPRAWDŹ,0.06875,5.0,4.0,0.0,,IN_SUPPLY,6.0,
2026-10-04,ETH,SPRAWDŹ,2687.23,5.0,4.0,0.0,,IN_SUPPLY,6.0,
2026-10-04,FLOKI,KUP DCA,2.749e-05,5.0,3.0,0.0,,,6.0,
2026-10-04,HBAR,CZEKAJ,0.10197,5.0,4.0,0.0,,IN_SUPPLY,6.0,
2026-10-04,LINK,CZEKAJ,14.116,5.0,4.0,0.0,,IN_SUPPLY,6.0,
2026-10-04,ONDO,CZEKAJ,0.5016,5.0,4.0,0.0,,IN_SUPPLY,6.0,
2026-10-04,PEPE,SPRAWDŹ,4.31e-06,5.0,4.0,0.0,,IN_SUPPLY,6.0,
2026-10-04,RENDER,CZEKAJ,1.988,5.0,4.0,0.0,,IN_SUPPLY,6.0,
2026-10-04,SOL,CZEKAJ,119.62,5.0,4.0,0.0,,IN_SUPPLY,6.0,
2026-10-04,SPX6900,KUP DCA,0.4448,5.0,2.0,1.0,,,6.0,
2026-10-04,XLM,SPRAWDŹ,0.2161,5.0,4.0,0.0,,IN_SUPPLY,6.0,
2026-10-04,XRP,SPRAWDŹ,1.4864,5.0,4.0,0.0,,IN_SUPPLY,6.0,
2026-10-05,AVAX,SPRAWDŹ,11.103,5.0,4.0,0.0,,IN_SUPPLY,2.0,
2026-10-05,AWE,SPRAWDŹ,0.06992,5.0,4.0,0.0,,IN_SUPPLY,2.0,
2026-10-05,ETH,SPRAWDŹ,2726.94,5.0,4.0,0.0,,IN_SUPPLY,2.0,
2026-10-05,FLOKI,SPRAWDŹ,2.898e-05,5.0,3.0,0.0,,IN_SUPPLY,2.0,
2026-10-05,HBAR,CZEKAJ,0.10401,5.0,4.0,0.0,,IN_SUPPLY,2.0,
2026-10-05,LINK,CZEKAJ,14.278,5.0,4.0,0.0,,IN_SUPPLY,2.0,
2026-10-05,ONDO,CZEKAJ,0.4986,5.0,4.0,0.0,,IN_SUPPLY,2.0,
2026-10-05,PEPE,SPRAWDŹ,4.41e-06,5.0,4.0,0.0,,IN_SUPPLY,2.0,
2026-10-05,RENDER,CZEKAJ,1.974,5.0,4.0,0.0,,IN_SUPPLY,2.0,
2026-10-05,SOL,CZEKAJ,121.6,5.0,4.0,0.0,,IN_SUPPLY,2.0,
2026-10-05,SPX6900,KUP DCA,0.4426,5.0,2.0,1.0,,,2.0,
2026-10-05,XLM,SPRAWDŹ,0.2241,5.0,4.0,0.0,,IN_SUPPLY,2.0,
2026-10-05,XRP,SPRAWDŹ,1.5206,5.0,4.0,0.0,,IN_SUPPLY,2.0,
2026-10-06,AVAX,SPRAWDŹ,11.129,5.0,4.0,0.0,,IN_SUPPLY,4.0,
2026-10-06,AWE,SPRAWDŹ,0.06766,5.0,4.0,0.0,,IN_SUPPLY,4.0,
2026-10-06,ETH,SPRAWDŹ,2709.98,5.0,4.0,0.0,,IN_SUPPLY,4.0,
2026-10-06,FLOKI,SPRAWDŹ,2.909e-05,5.0,3.0,0.0,,IN_SUPPLY,4.0,
2026-10-06,HBAR,CZEKAJ,0.1017,5.0,4.0,0.0,,IN_SUPPLY,4.0,
2026-10-06,LINK,CZEKAJ,13.854,5.0,4.0,0.0,,IN_SUPPLY,4.0,
2026-10-06,ONDO,CZEKAJ,0.4993,5.0,4.0,0.0,,IN_SUPPLY,4.0,
2026-10-06,PEPE,SPRAWDŹ,4.39e-06,5.0,4.0,0.0,,IN_SUPPLY,4.0,
2026-10-06,RENDER,CZEKAJ,2.065,5.0,4.0,2.0,,IN_SUPPLY,4.0,
2026-10-06,SOL,CZEKAJ,120.78,5.0,4.0,0.0,,IN_SUPPLY,4.0,
2026-10-06,SPX6900,KUP DCA,0.4533,5.0,2.0,0.0,,,4.0,
2026-10-06,XLM,SPRAWDŹ,0.2155,5.0,4.0,0.0,,IN_SUPPLY,4.0,
2026-10-06,XRP,SPRAWDŹ,1.5077,5.0,4.0,0.0,,IN_SUPPLY,4.0,
2026-10-07,AVAX,SPRAWDŹ,11.608,,4.0,1.0,,W_STREFIE_PODAŻY,,1.0
2026-10-07,AWE,CZEKAJ,0.0655,,3.0,0.0,,,,1.0
2026-10-07,ETH,SPRAWDŹ,2697.49,,4.0,0.0,,W_STREFIE_PODAŻY,,1.0
2026-10-07,FLOKI,SPRAWDŹ,2.867e-05,,3.0,0.0,,W_STREFIE_PODAŻY,,1.0
2026-10-07,HBAR,SPRAWDŹ,0.09967,,4.0,0.0,,W_STREFIE_PODAŻY,,1.0
2026-10-07,LINK,SPRAWDŹ,13.959,,4.0,0.0,,W_STREFIE_PODAŻY,,1.0
2026-10-07,ONDO,SPRAWDŹ,0.4914,,4.0,0.0,,W_STREFIE_PODAŻY,,1.0
2026-10-07,PEPE,SPRAWDŹ,4.28e-06,,4.0,0.0,,W_STREFIE_PODAŻY,,1.0
2026-10-07,RENDER,SPRAWDŹ,2.141,,4.0,6.0,,W_STREFIE_PODAŻY,,1.0
2026-10-07,SOL,SPRAWDŹ,120.71,,4.0,0.0,,W_STREFIE_PODAŻY,,1.0
2026-10-07,SPX6900,CZEKAJ,0.4186,,0.0,0.0,,,,1.0
2026-10-07,XLM,SPRAWDŹ,0.2121,,4.0,0.0,,W_STREFIE_PODAŻY,,1.0
2026-10-07,XRP,SPRAWDŹ,1.4971,,4.0,0.0,,W_STREFIE_PODAŻY,,1.0
