symbol,target_scope,market_phase,rotation_score_0_10,rotation_status,rotation_label,individual_rs_0_4,vs_btc_5d_pct,vs_btc_20d_pct,vs_eth_5d_pct,vs_eth_20d_pct,trend_score_0_4,fomo_score_0_10,stablecoin_7d_pct,stablecoin_14d_pct,stablecoin_30d_pct,long_flow_score_0_10,tactical_flow_score_0_5,direct_etf_5d_usdm,direct_etf_20d_usdm,direct_etf_30d_usdm,direct_etf_trend,direct_etf_mature
ETH,PRODUCTION,ALT_WATCH,5,EARLY,CORE_ALT,,,,,,4,0,0.37811762535886473,1.2864790428198658,1.2245296216381485,2,1,-20078.9,-19315.7,-18273.3,OUTFLOW_ACCELERATING,True
SOL,PRODUCTION,ALT_WATCH,5,EARLY,WATCH_STRONG,4.0,-0.30327643339256305,9.955909662367457,1.347520138321956,10.329353520448258,4,0,0.37811762535886473,1.2864790428198658,1.2245296216381485,2,1,-16.099999999999998,227.30000000000004,227.30000000000004,OUTFLOW_ACCELERATING,False
LINK,PRODUCTION,ALT_WATCH,5,EARLY,WATCH_STRONG,4.0,-5.9738572985367,12.234051601853402,-4.416955241274878,12.615232725877856,4,0,0.37811762535886473,1.2864790428198658,1.2245296216381485,2,1,,,,,
ONDO,PRODUCTION,ALT_WATCH,5,EARLY,WATCH_STRONG,3.0,-2.5964886707712576,34.177800978471765,-0.9836635264442339,34.63350977866322,4,0,0.37811762535886473,1.2864790428198658,1.2245296216381485,2,1,,,,,
RENDER,PRODUCTION,ALT_WATCH,5,EARLY,NO_RS_LABEL,,,,,,4,0,0.37811762535886473,1.2864790428198658,1.2245296216381485,2,1,,,,,
FLOKI,PRODUCTION,ALT_WATCH,5,EARLY,NO_RS_LABEL,,,,,,3,0,0.37811762535886473,1.2864790428198658,1.2245296216381485,2,1,,,,,
PEPE,PRODUCTION,ALT_WATCH,5,EARLY,NO_RS_LABEL,,,,,,4,0,0.37811762535886473,1.2864790428198658,1.2245296216381485,2,1,,,,,
SPX6900,PRODUCTION,ALT_WATCH,5,EARLY,NO_RS_LABEL,,,,,,2,1,0.37811762535886473,1.2864790428198658,1.2245296216381485,2,1,,,,,
XRP,PRODUCTION,ALT_WATCH,5,EARLY,NO_RS_LABEL,,,,,,4,0,0.37811762535886473,1.2864790428198658,1.2245296216381485,2,1,,,,,
XLM,PRODUCTION,ALT_WATCH,5,EARLY,NO_RS_LABEL,,,,,,4,0,0.37811762535886473,1.2864790428198658,1.2245296216381485,2,1,,,,,
HBAR,PRODUCTION,ALT_WATCH,5,EARLY,WATCH_STRONG,3.0,-5.346917458576328,20.706698714531147,-3.779634416850286,21.11665553633879,4,0,0.37811762535886473,1.2864790428198658,1.2245296216381485,2,1,,,,,
AVAX,PRODUCTION,ALT_WATCH,5,EARLY,NO_RS_LABEL,,,,,,4,0,0.37811762535886473,1.2864790428198658,1.2245296216381485,2,1,,,,,
AWE,PRODUCTION,ALT_WATCH,5,EARLY,NO_RS_LABEL,,,,,,4,0,0.37811762535886473,1.2864790428198658,1.2245296216381485,2,1,,,,,
