date,btc_close,eth_close,btc_dom_pct,eth_dom_pct,v8_total3_eq_usd,v8_others_btc_eq,btc_etf_1d_usdm,btc_etf_5d_usdm,btc_etf_20d_usdm,eth_etf_1d_usdm,eth_etf_5d_usdm,eth_etf_20d_usdm,sol_etf_1d_usdm,sol_etf_5d_usdm,sol_etf_20d_usdm,stablecoin_mcap_usd,stablecoin_7d_pct,qa_pass,eth_btc_ratio,eth_btc_5d_pct,eth_btc_20d_pct,btc_etf_30d_usdm,eth_etf_30d_usdm,sol_etf_30d_usdm,stablecoin_14d_pct,stablecoin_30d_pct
2026-09-22,86208.56,2753.63,58.72003957091988,11.32567339592294,870108117950.4185,0.1491944003560854,0.0,2306.2,2516.4,0.0,536.5999999999999,1235.5000000000002,0.0,102.5,120.7,311679891197.56,0.4492048921584946,True,0.0319414916569769,-0.2617891141950768,3.279176735238498,4837.7,2241.9,120.7,0.4380903216769871,1.094835977572206
2026-09-23,84397.6,2684.71,58.623018450037854,11.390135519755978,857527345314.2769,0.1481908132522349,32.4,2338.6,2548.8,2.5,539.0999999999999,1238.0000000000002,5.5,108.0,131.4,310976979600.13,0.470935356183122,True,0.0318102647468648,-1.500787919062585,3.0995683277698305,4870.099999999999,2244.4,131.4,0.1349083283375129,0.8398798289416032
2026-09-24,84410.24,2688.05,58.56423470494953,11.325872345778702,858544170023.7119,0.1477724704671643,190.7,2684.3,2821.8,66.1,746.5,1213.6999999999998,32.8,149.0,172.39999999999998,312301990572.35,0.9029992404974818,True,0.0318450699820306,-1.7198524099195978,3.296324916930793,5436.4,2405.1,172.39999999999998,0.6116271060963463,1.2259982291309202
2026-09-25,84099.99,2691.61,58.28428554562029,11.339171626173483,872367119766.666,0.1539450807148181,134.5,2385.8,2713.9999999999995,87.0,689.8000000000001,1066.3000000000002,86.7,188.1,259.1,311603904959.16,0.6734802822415675,True,0.0320048789542067,-1.7812550328859755,3.0102927603673724,5702.0,2485.4,259.1,0.5019175616420624,0.9081731828442852
2026-09-26,84433.1,2696.33,58.31448963134444,11.318974510135783,878155740269.2441,0.1569673133573215,134.5,2385.8,2713.9999999999995,87.0,689.8000000000001,1066.3000000000002,86.7,188.1,259.1,311591990796.64,0.5080345189686586,True,0.0319345138340295,-0.3610131762005086,2.03609818277537,5702.0,2485.4,259.1,0.4380204607371096,0.7982999327537987
2026-09-27,84472.0,2688.65,58.70348455175064,11.357644457020273,850569473064.9971,0.1458427061427489,134.5,2385.8,2713.9999999999995,87.0,689.8000000000001,1066.3000000000002,86.7,188.1,259.79999999999995,311427249470.75,0.4623832963398744,True,0.0318288900464059,-0.3525245839496649,1.119906658213332,5702.0,2485.4,259.79999999999995,0.3912591919088548,0.7267524580474971
2026-09-29,83663.66,2677.98,58.2853655965068,11.359879362433542,865795187283.854,0.1561686061841468,66.2,769.3,2796.4,-2.8,271.90000000000003,890.9000000000001,5.4,146.29999999999998,261.6,310735785574.93,0.1244273296305609,True,0.0320088793629157,0.5143947900807522,1.554661675463076,5557.9,2468.8,261.6,0.6312763456833403,1.1448790336592518
2026-09-30,83623.6,2686.01,58.33504010609269,11.415160394961053,871095083514.5195,0.1567904691071263,-148.7,273.7,2884.2,-59.6,107.79999999999998,820.4,-12.5,120.1,249.39999999999992,310624724706.19,0.8789839486961215,True,0.0321202387842666,0.3604445129285816,0.8668264714593921,5219.9,2337.8,249.39999999999992,0.845697070766116,1.0697239554678273
2026-10-01,84880.05,2706.42,58.859106835276776,11.297819066044656,878113181306.5117,0.15520152810960267,102.7,185.7,2885.7999999999997,-55.4,-13.700000000000003,813.1999999999999,-1.1,86.20000000000002,248.29999999999993,311463052755.06,1.4003173096060806,True,0.031885230981838486,1.9051189791682077,7.674400278474813,4805.4,2093.2999999999997,248.29999999999993,1.1218004842134865,1.3570728955127898
