date,symbol,coverage_pct,active_addresses,active_addresses_7d_pct,active_addresses_30d_pct,tx_count,tx_count_7d_pct,tx_count_30d_pct,transfer_value_adj_usd,transfer_value_7d_pct,transfer_value_30d_pct,tvl_usd,tvl_7d_pct,tvl_30d_pct,dex_daily_usd,dex_7d_vs_prev7_pct,dex_30d_vs_prev30_pct,long_onchain_score_0_10,long_onchain_label,tactical_onchain_score_0_10,tactical_onchain_label,chain_tvl_usd,chain_tvl_7d_pct,chain_tvl_30d_pct,protocol_tvl_usd,protocol_tvl_7d_pct,protocol_tvl_30d_pct,oracle_tvs_usd,oracle_tvs_7d_pct,oracle_tvs_30d_pct,metric_profile,directional_votes,quality_gate,stablecoin_mcap_usd,stablecoin_7d_pct,stablecoin_30d_pct,chain_fees_daily_usd,chain_fees_7d_vs_prev7_pct,chain_fees_30d_vs_prev30_pct,protocol_tvl_quality,protocol_fees_30d_usd,protocol_fees_7d_vs_prev7_pct,protocol_fees_30d_vs_prev30_pct
2026-09-23,ETH,57,,,,,,,,,,,,,1494122468.12,24.98874547041483,43.09158258003134,9.0,STRONG_POSITIVE,9.0,STRONG_POSITIVE,53297170273.0,9.373636730487236,8.499592858436156,,,,,,,CHAIN_L1,4.0,TRUSTED,147516482568.78,-0.2728705691005251,0.2564255301719109,12113367.14,4.140993468098886,16.154437171279845,NO_DATA,,,
2026-09-23,LINK,0,,,,,,,,,,,,,,,,,INSUFFICIENT_QUALITY,,INSUFFICIENT_QUALITY,,,,,,,,,,ORACLE_INFRA,0.0,NO_DATA,,,,,,,NO_DATA,,,
2026-09-23,ONDO,20,,,,,,,,,,,,,,,,,INSUFFICIENT_QUALITY,,INSUFFICIENT_QUALITY,,,,,,,,,,RWA_PROTOCOL,1.0,PARTIAL,,,,,,,NO_DATA,7663856.0,-9.543494956788336,11.5731025737708
2026-09-23,SOL,57,,,,,,,,,,,,,3117040160.7,20.69040273685505,39.2945154177263,10.0,STRONG_POSITIVE,10.0,STRONG_POSITIVE,6387136482.0,11.572048629178466,14.588837472897964,,,,,,,CHAIN_L1,4.0,TRUSTED,16818996217.32,5.797244228931997,3.7439046960764166,17269113.689999994,13.436123903546491,53.29403593734523,NO_DATA,,,
2026-09-24,ETH,57,,,,,,,,,,,,,1278386167.7800002,19.591995054271827,35.424697925138446,9.0,STRONG_POSITIVE,8.0,STRONG_POSITIVE,53561065070.0,8.871916700098193,8.727489703194946,,,,,,,CHAIN_L1,4.0,TRUSTED,147650260894.52,0.0273742941250043,0.0040037675249182,11910891.889999991,1.540639213104722,15.121174004879002,NO_DATA,,,
2026-09-24,LINK,0,,,,,,,,,,,,,,,,,INSUFFICIENT_QUALITY,,INSUFFICIENT_QUALITY,,,,,,,,,,ORACLE_INFRA,0.0,NO_DATA,,,,,,,NO_DATA,,,
2026-09-24,ONDO,20,,,,,,,,,,,,,,,,,INSUFFICIENT_QUALITY,,INSUFFICIENT_QUALITY,,,,,,,,,,RWA_PROTOCOL,1.0,PARTIAL,,,,,,,NO_DATA,7355419.0,-9.543494956788336,11.5731025737708
2026-09-24,SOL,57,,,,,,,,,,,,,1527748541.41,8.370604418988936,30.038016100123244,9.0,STRONG_POSITIVE,10.0,STRONG_POSITIVE,6400918596.0,10.703380056087596,11.321966501560876,,,,,,,CHAIN_L1,4.0,TRUSTED,16365358371.67,4.212421724983728,1.0730138876826167,15650391.15,12.540936305492046,49.78353279595164,NO_DATA,,,
2026-09-25,ETH,57,,,,,,,,,,,,,1526992924.6599998,20.63957983600371,36.54621488460605,9.0,STRONG_POSITIVE,9.0,STRONG_POSITIVE,53382766921.0,7.139467556807699,8.931364742863689,,,,,,,CHAIN_L1,4.0,TRUSTED,147542498443.03,-0.1237336423577484,-0.2978498432842813,16713706.56,13.620307093906426,20.796669557194768,NO_DATA,,,
2026-09-25,LINK,0,,,,,,,,,,,,,,,,,INSUFFICIENT_QUALITY,,INSUFFICIENT_QUALITY,,,,,,,,,,ORACLE_INFRA,0.0,NO_DATA,,,,,,,NO_DATA,,,
2026-09-25,ONDO,20,,,,,,,,,,,,,,,,,INSUFFICIENT_QUALITY,,INSUFFICIENT_QUALITY,,,,,,,,,,RWA_PROTOCOL,1.0,PARTIAL,,,,,,,NO_DATA,7112485.0,-9.543494956788336,11.5731025737708
2026-09-25,SOL,57,,,,,,,,,,,,,1239369964.38,-2.051150328263496,28.13544824281251,10.0,STRONG_POSITIVE,8.0,STRONG_POSITIVE,6462001398.0,9.579551342845672,15.00254187596688,,,,,,,CHAIN_L1,4.0,TRUSTED,17627413116.61,12.653181713600858,9.603592964157205,15156022.519999996,13.366462485443286,41.87194014548778,NO_DATA,,,
2026-09-26,ETH,57,,,,,,,,,,,,,1225294809.1,11.34756430725603,30.008721522019897,9.0,STRONG_POSITIVE,9.0,STRONG_POSITIVE,53516992852.0,2.3879650686392084,7.172355063526448,,,,,,,CHAIN_L1,4.0,TRUSTED,147464647374.58,-0.1800851112204404,-0.4781593701510322,8984745.619999997,5.529498496773555,13.218624183518358,NO_DATA,,,
2026-09-26,LINK,0,,,,,,,,,,,,,,,,,INSUFFICIENT_QUALITY,,INSUFFICIENT_QUALITY,,,,,,,,,,ORACLE_INFRA,0.0,NO_DATA,,,,,,,NO_DATA,,,
2026-09-26,ONDO,20,,,,,,,,,,,,,,,,,INSUFFICIENT_QUALITY,,INSUFFICIENT_QUALITY,,,,,,,,,,RWA_PROTOCOL,1.0,PARTIAL,,,,,,,NO_DATA,6869970.0,-9.543494956788336,11.5731025737708
2026-09-26,SOL,57,,,,,,,,,,,,,1604281491.72,-6.407254323948653,23.01090814510467,10.0,STRONG_POSITIVE,8.0,STRONG_POSITIVE,6612074872.0,4.858069094834527,14.266802716932748,,,,,,,CHAIN_L1,4.0,TRUSTED,16931177001.15,7.103951965198418,5.271015416222813,14197782.66,9.599734164193062,37.29909176263602,NO_DATA,,,
2026-09-27,ETH,57,,,,,,,,,,,,,847094496.62,-2.732945140665155,22.35027856179645,9.0,STRONG_POSITIVE,5.0,NEUTRAL,53615859336.0,1.9634614215419788,6.846937146100762,,,,,,,CHAIN_L1,4.0,TRUSTED,147753123600.5,0.2524813313902641,-0.1477971460668081,9313521.31,8.964538006549216,12.779862541842402,NO_DATA,,,
2026-09-27,LINK,0,,,,,,,,,,,,,,,,,INSUFFICIENT_QUALITY,,INSUFFICIENT_QUALITY,,,,,,,,,,ORACLE_INFRA,0.0,NO_DATA,,,,,,,NO_DATA,,,
2026-09-27,ONDO,20,,,,,,,,,,,,,,,,,INSUFFICIENT_QUALITY,,INSUFFICIENT_QUALITY,,,,,,,,,,RWA_PROTOCOL,1.0,PARTIAL,,,,,,,NO_DATA,6627057.0,-9.543494956788336,11.5731025737708
2026-09-27,SOL,57,,,,,,,,,,,,,1307731684.48,-14.880728879587712,20.84373194264036,10.0,STRONG_POSITIVE,8.0,STRONG_POSITIVE,6624579421.0,7.258194076845936,9.931754310578222,,,,,,,CHAIN_L1,4.0,TRUSTED,16743621000.93,6.3667563126549975,3.485622447539205,17617625.240000002,16.274631937020033,36.7691896434936,NO_DATA,,,
2026-09-28,ETH,57,,,,,,,,,,,,,941688355.98,-23.63199635150717,21.839088342127887,9.0,STRONG_POSITIVE,5.0,NEUTRAL,53128565653.0,-0.4302832304125759,8.03152621491452,,,,,,,CHAIN_L1,4.0,TRUSTED,147636088503.11,0.1242114685961359,-0.3748993372581166,10066193.03,4.544669440441695,17.36664449067442,NO_DATA,,,
2026-09-28,LINK,0,,,,,,,,,,,,,,,,,INSUFFICIENT_QUALITY,,INSUFFICIENT_QUALITY,,,,,,,,,,ORACLE_INFRA,0.0,NO_DATA,,,,,,,NO_DATA,,,
2026-09-28,ONDO,20,,,,,,,,,,,,,,,,,INSUFFICIENT_QUALITY,,INSUFFICIENT_QUALITY,,,,,,,,,,RWA_PROTOCOL,1.0,PARTIAL,,,,,,,NO_DATA,6694493.0,-12.93817379329717,8.904416867368559
2026-09-28,SOL,57,,,,,,,,,,,,,1178825644.49,-26.55617736519382,20.774466747783627,10.0,STRONG_POSITIVE,8.0,STRONG_POSITIVE,6622573187.0,6.716310115797564,12.581409090842175,,,,,,,CHAIN_L1,4.0,TRUSTED,16662337266.74,5.163235486414775,3.5951376107598465,14725621.45,7.101459836100865,36.62298038857828,NO_DATA,,,
2026-09-29,ETH,57,,,,,,,,,,,,,1695505361.77,-20.4186704381899,26.642655383949037,9.0,STRONG_POSITIVE,4.0,NEUTRAL,53126914474.0,-2.4786179364950423,7.745536486118865,,,,,,,CHAIN_L1,4.0,TRUSTED,147192313152.71,0.1388006740959513,-0.4793466682333824,13024140.859999998,11.145802885988388,19.55873592826165,NO_DATA,,,
2026-09-29,LINK,0,,,,,,,,,,,,,,,,,INSUFFICIENT_QUALITY,,INSUFFICIENT_QUALITY,,,,,,,,,,ORACLE_INFRA,0.0,NO_DATA,,,,,,,NO_DATA,,,
2026-09-29,ONDO,20,,,,,,,,,,,,,,,,,INSUFFICIENT_QUALITY,,INSUFFICIENT_QUALITY,,,,,,,,,,RWA_PROTOCOL,1.0,PARTIAL,,,,,,,NO_DATA,6788048.0,-16.20400118515465,4.447402592145178
2026-09-29,SOL,57,,,,,,,,,,,,,1398216282.12,-31.48488950648829,21.13618997853004,10.0,STRONG_POSITIVE,4.0,NEUTRAL,6441744950.0,-0.2667693808300342,8.740068499519339,,,,,,,CHAIN_L1,4.0,TRUSTED,16600712447.56,-2.982522334403104,3.998016177136354,16747444.099999996,6.275170905761196,37.86710577479224,NO_DATA,,,
2026-09-30,ETH,57,,,,,,,,,,,,,2017527343.28,-8.720802207295552,27.69037438762032,9.0,STRONG_POSITIVE,4.0,NEUTRAL,53244870287.0,-2.080707082810951,9.167175011824757,,,,,,,CHAIN_L1,4.0,TRUSTED,147139194387.34,0.791122880815931,-0.6450249889210391,12133663.239999996,6.894152646755991,19.36125764382568,NO_DATA,,,
2026-09-30,LINK,0,,,,,,,,,,,,,,,,,INSUFFICIENT_QUALITY,,INSUFFICIENT_QUALITY,,,,,,,,,,ORACLE_INFRA,0.0,NO_DATA,,,,,,,NO_DATA,,,
2026-09-30,ONDO,20,,,,,,,,,,,,,,,,,INSUFFICIENT_QUALITY,,INSUFFICIENT_QUALITY,,,,,,,,,,RWA_PROTOCOL,1.0,PARTIAL,,,,,,,NO_DATA,6710911.0,-15.11211976337632,3.0300639986934774
2026-09-30,SOL,57,,,,,,,,,,,,,1453964239.8899999,-29.896734419868977,19.004038306282702,10.0,STRONG_POSITIVE,4.0,NEUTRAL,6537321988.0,0.04423549351031397,12.704388403264687,,,,,,,CHAIN_L1,4.0,TRUSTED,16409643530.63,-1.37875556274073,2.757851079720197,13895293.049999999,1.0708985516274305,34.765133574068074,NO_DATA,,,
