date,symbol,metric_profile,quality_status,trusted,stablecoin_supply_usd,stablecoin_7d_pct,stablecoin_30d_pct,fees_7d_usd,fees_30d_usd,fees_7d_vs_prev7_pct,fees_30d_vs_prev30_pct,revenue_7d_usd,revenue_30d_usd,revenue_7d_vs_prev7_pct,revenue_30d_vs_prev30_pct,long_project_activity_score_0_10,long_project_activity_label,tactical_project_activity_score_0_10,tactical_project_activity_label
2026-09-23,ETH,CHAIN_L1,TRUSTED,True,148336660935.29,-0.2677012268849088,0.2822882960288542,,,,,,,,,5,NEUTRAL,5,NEUTRAL
2026-09-23,LINK,INFRA_ORACLE,TRUSTED,True,,,,1122905.0,4574760.0,1.9358557708019308,-4.365549723115903,1105263.0,4400472.0,4.496635158106921,-2.9478416040471744,2,NEGATIVE,8,STRONG_POSITIVE
2026-09-23,ONDO,DEFI_RWA,TRUSTED,True,,,,1751389.0,7663856.0,-9.543494956788336,11.5731025737708,0.0,0.0,,,10,STRONG_POSITIVE,0,STRONG_NEGATIVE
2026-09-23,SOL,CHAIN_L1,TRUSTED,True,16880709335.16,5.73103518081115,3.730382736514848,,,,,,,,,10,STRONG_POSITIVE,10,STRONG_POSITIVE
2026-09-24,ETH,CHAIN_L1,TRUSTED,True,148465523731.71,0.023803689306634,0.0222162040813822,,,,,,,,,5,NEUTRAL,5,NEUTRAL
2026-09-24,LINK,INFRA_ORACLE,TRUSTED,True,,,,33781.0,4551631.0,-96.97597682546048,-5.22770307214564,0.0,4400472.0,-100.0,-2.9478416040471744,2,NEGATIVE,0,STRONG_NEGATIVE
2026-09-24,ONDO,DEFI_RWA,TRUSTED,True,,,,1751389.0,7663856.0,-9.543494956788336,11.5731025737708,0.0,0.0,,,10,STRONG_POSITIVE,0,STRONG_NEGATIVE
2026-09-24,SOL,CHAIN_L1,TRUSTED,True,16427022901.12,4.142353551407241,1.037623641887886,,,,,,,,,5,NEUTRAL,10,STRONG_POSITIVE
2026-09-25,ETH,CHAIN_L1,TRUSTED,True,148355304980.62,-0.1382013950824379,-0.285353228645091,,,,,,,,,5,NEUTRAL,5,NEUTRAL
2026-09-25,LINK,INFRA_ORACLE,TRUSTED,True,,,,2197359.0,6699303.0,96.53951972408464,39.03924676886908,2324980.0,6725452.0,110.35536338409956,48.329459382624805,10,STRONG_POSITIVE,10,STRONG_POSITIVE
2026-09-25,ONDO,DEFI_RWA,TRUSTED,True,,,,1751389.0,7663856.0,-9.543494956788336,11.5731025737708,0.0,0.0,,,10,STRONG_POSITIVE,0,STRONG_NEGATIVE
2026-09-25,SOL,CHAIN_L1,TRUSTED,True,17687208359.83,12.557176484928934,9.50770227305826,,,,,,,,,10,STRONG_POSITIVE,10,STRONG_POSITIVE
2026-09-26,ETH,CHAIN_L1,TRUSTED,True,148290175889.55,-0.176691177196242,-0.458253464592806,,,,,,,,,5,NEUTRAL,5,NEUTRAL
2026-09-26,LINK,INFRA_ORACLE,TRUSTED,True,,,,1112758.0,4520534.0,-0.624513842809693,-23.56783120089665,1162490.0,4464892.0,5.177681692049774,-20.72562751222835,0,STRONG_NEGATIVE,8,STRONG_POSITIVE
2026-09-26,ONDO,DEFI_RWA,TRUSTED,True,,,,1751389.0,7663856.0,-9.543494956788336,11.5731025737708,0.0,0.0,,,10,STRONG_POSITIVE,0,STRONG_NEGATIVE
2026-09-26,SOL,CHAIN_L1,TRUSTED,True,16991000644.85,7.047715580056235,5.200211749387917,,,,,,,,,10,STRONG_POSITIVE,10,STRONG_POSITIVE
2026-09-27,ETH,CHAIN_L1,TRUSTED,True,148582496206.44,0.2455455130502049,-0.1239729181710447,,,,,,,,,5,NEUTRAL,5,NEUTRAL
2026-09-27,LINK,INFRA_ORACLE,TRUSTED,True,,,,1112662.0,4512184.0,-0.8610688872929928,-23.843646174320387,1162490.0,4464892.0,5.177681692049774,-20.72562751222835,0,STRONG_NEGATIVE,8,STRONG_POSITIVE
2026-09-27,ONDO,DEFI_RWA,TRUSTED,True,,,,1751389.0,7663856.0,-9.543494956788336,11.5731025737708,0.0,0.0,,,10,STRONG_POSITIVE,0,STRONG_NEGATIVE
2026-09-27,SOL,CHAIN_L1,TRUSTED,True,16803603988.83,6.315117296058137,3.4359964517322705,,,,,,,,,10,STRONG_POSITIVE,10,STRONG_POSITIVE
2026-09-28,ETH,CHAIN_L1,TRUSTED,True,148464013467.46,0.1191461358807322,-0.3547496907872038,,,,,,,,,5,NEUTRAL,5,NEUTRAL
2026-09-28,LINK,INFRA_ORACLE,TRUSTED,True,,,,1116326.0,4503231.0,-0.5113790300731558,-6.127185198248464,1162490.0,4464892.0,5.177681692049774,-0.4037704274800324,2,NEGATIVE,8,STRONG_POSITIVE
2026-09-28,ONDO,DEFI_RWA,TRUSTED,True,,,,1686129.0,7537413.0,-12.93817379329717,8.904416867368559,0.0,0.0,,,10,STRONG_POSITIVE,0,STRONG_NEGATIVE
2026-09-28,SOL,CHAIN_L1,TRUSTED,True,16722332134.94,5.129533764788219,3.5544839335565737,,,,,,,,,10,STRONG_POSITIVE,10,STRONG_POSITIVE
2026-09-29,ETH,CHAIN_L1,TRUSTED,True,148016223274.34,0.1301348459844309,-0.4676958454745916,,,,,,,,,5,NEUTRAL,5,NEUTRAL
2026-09-29,LINK,INFRA_ORACLE,TRUSTED,True,,,,1113727.0,4481977.0,-0.725753185086675,-6.893354743955415,1162490.0,4464892.0,5.177681692049774,-0.4037704274800324,2,NEGATIVE,8,STRONG_POSITIVE
2026-09-29,ONDO,DEFI_RWA,TRUSTED,True,,,,1626208.0,7482238.0,-16.20400118515465,4.447402592145178,0.0,0.0,,,10,STRONG_POSITIVE,0,STRONG_NEGATIVE
2026-09-29,SOL,CHAIN_L1,TRUSTED,True,16661906159.88,-2.973050857558479,3.962711844405753,,,,,,,,,10,STRONG_POSITIVE,5,NEUTRAL
2026-09-30,ETH,CHAIN_L1,TRUSTED,True,147968964793.65,0.7940251297028134,-0.6294420659618938,,,,,,,,,5,NEUTRAL,5,NEUTRAL
2026-09-30,LINK,INFRA_ORACLE,TRUSTED,True,,,,1117740.0,4478465.0,-0.4382448826893315,-7.066295440807191,1162490.0,4464892.0,5.177681692049774,-0.4037704274800324,2,NEGATIVE,8,STRONG_POSITIVE
2026-09-30,ONDO,DEFI_RWA,TRUSTED,True,,,,1621103.0,7418960.0,-15.11211976337632,3.030063998693477,0.0,0.0,,,10,STRONG_POSITIVE,0,STRONG_NEGATIVE
2026-09-30,SOL,CHAIN_L1,TRUSTED,True,16470031416.3,-1.3812754520015846,2.721594007274386,,,,,,,,,5,NEUTRAL,5,NEUTRAL
2026-10-01,ETH,CHAIN_L1,TRUSTED,True,147885564009.14,0.6577117295310408,-0.6841685847728929,,,,,,,,,5,NEUTRAL,5,NEUTRAL
2026-10-01,LINK,INFRA_ORACLE,TRUSTED,True,,,,34427.0,4469728.0,-96.9149360396084,-7.316472337363688,0.0,4464892.0,-100.0,-0.4037704274800324,2,NEGATIVE,0,STRONG_NEGATIVE
2026-10-01,ONDO,DEFI_RWA,TRUSTED,True,,,,1664703.0,7530517.0,-12.697834992020784,6.915389023198326,0.0,0.0,,,10,STRONG_POSITIVE,0,STRONG_NEGATIVE
2026-10-01,SOL,CHAIN_L1,TRUSTED,True,16396969300.08,0.9305471572017332,2.947092820188879,,,,,,,,,5,NEUTRAL,5,NEUTRAL
2026-10-02,ETH,CHAIN_L1,TRUSTED,True,147894190669.96,0.7229912194014254,-0.6955076402412996,,,,,,,,,5,NEUTRAL,5,NEUTRAL
2026-10-02,LINK,INFRA_ORACLE,TRUSTED,True,,,,2175752.0,6610232.0,94.97261021554276,37.06865841242326,2138574.0,6603466.0,83.96493733279426,47.300386148271926,10,STRONG_POSITIVE,10,STRONG_POSITIVE
2026-10-02,ONDO,DEFI_RWA,TRUSTED,True,,,,1612509.0,7786469.0,-15.429904762803837,15.484421739841704,0.0,0.0,,,10,STRONG_POSITIVE,0,STRONG_NEGATIVE
2026-10-02,SOL,CHAIN_L1,TRUSTED,True,16582918429.43,-5.282034763623022,4.612920047398794,,,,,,,,,10,STRONG_POSITIVE,0,STRONG_NEGATIVE
2026-10-03,ETH,CHAIN_L1,TRUSTED,True,147609907144.91,0.5864512269958766,-1.0349910058148335,,,,,,,,,5,NEUTRAL,5,NEUTRAL
2026-10-03,LINK,INFRA_ORACLE,TRUSTED,True,,,,1103449.0,4450226.0,-0.9886340286432872,-24.685884160587268,1069287.0,4394742.0,-8.017531333602868,-21.835540860446457,0,STRONG_NEGATIVE,2,NEGATIVE
2026-10-03,ONDO,DEFI_RWA,TRUSTED,True,,,,1560248.0,7722249.0,-10.91368051300996,13.187120184224344,0.0,0.0,,,10,STRONG_POSITIVE,0,STRONG_NEGATIVE
2026-10-03,SOL,CHAIN_L1,TRUSTED,True,16950827875.8,0.836957781208425,4.917886608923294,,,,,,,,,10,STRONG_POSITIVE,5,NEUTRAL
2026-10-04,ETH,CHAIN_L1,TRUSTED,True,147762112933.53,-0.3734196840640802,-0.7522621031128884,,,,,,,,,5,NEUTRAL,5,NEUTRAL
2026-10-04,LINK,INFRA_ORACLE,TRUSTED,True,,,,1105527.0,4455492.0,-0.6592006383535076,-24.54539173129136,1069287.0,4394742.0,-8.017531333602868,-21.835540860446457,0,STRONG_NEGATIVE,2,NEGATIVE
2026-10-04,ONDO,DEFI_RWA,TRUSTED,True,,,,1564524.0,7420239.0,4.10650441073428,3.9803575940280833,0.0,0.0,,,10,STRONG_POSITIVE,10,STRONG_POSITIVE
2026-10-04,SOL,CHAIN_L1,TRUSTED,True,16881455761.08,0.4635834658716087,1.524932746889851,,,,,,,,,5,NEUTRAL,5,NEUTRAL
2026-10-05,ETH,CHAIN_L1,TRUSTED,True,147951081804.94998,-0.3312124031830343,-0.7487135043648396,,,,,,,,,5,NEUTRAL,5,NEUTRAL
2026-10-05,LINK,INFRA_ORACLE,TRUSTED,True,,,,1109384.0,4456779.0,-0.3941553672468512,-6.584358172115068,1069287.0,4394742.0,-8.017531333602868,-1.6433133221490317,2,NEGATIVE,2,NEGATIVE
2026-10-05,ONDO,DEFI_RWA,TRUSTED,True,,,,1693082.0,7397610.0,8.03793970843294,3.0880670456144843,0.0,0.0,,,10,STRONG_POSITIVE,10,STRONG_POSITIVE
2026-10-05,SOL,CHAIN_L1,TRUSTED,True,16885103321.71,0.9714256628217788,1.6712605984769535,,,,,,,,,5,NEUTRAL,5,NEUTRAL
2026-10-06,ETH,CHAIN_L1,TRUSTED,True,148117485243.91,0.0830073257132246,-0.6087938753297162,,,,,,,,,5,NEUTRAL,5,NEUTRAL
2026-10-06,LINK,INFRA_ORACLE,TRUSTED,True,,,,1104256.0,4450255.0,-1.0395606601568683,-6.741120010595281,1069287.0,4394742.0,-8.017531333602868,-1.6433133221490317,2,NEGATIVE,2,NEGATIVE
2026-10-06,ONDO,DEFI_RWA,TRUSTED,True,,,,1635077.0,7343466.0,4.621492785616033,2.575740665648185,0.0,0.0,,,5,NEUTRAL,10,STRONG_POSITIVE
2026-10-06,SOL,CHAIN_L1,TRUSTED,True,17050718760.51,2.3586701000146704,2.185517978573448,,,,,,,,,5,NEUTRAL,5,NEUTRAL
2026-10-07,ETH,CHAIN_L1,TRUSTED,True,148459737355.58,0.3176782935652822,-0.0136793095360299,,,,,,,,,5,NEUTRAL,5,NEUTRAL
2026-10-07,LINK,INFRA_ORACLE,TRUSTED,True,,,,1106345.0,4452934.0,-0.8835278761018306,-6.559267336576491,1069287.0,4394742.0,-8.017531333602868,-1.6433133221490317,2,NEGATIVE,2,NEGATIVE
2026-10-07,ONDO,DEFI_RWA,TRUSTED,True,,,,1584199.0,7291180.0,-2.419074674524724,1.747172542254516,0.0,0.0,,,5,NEUTRAL,5,NEUTRAL
2026-10-07,SOL,CHAIN_L1,TRUSTED,True,16916648409.57,2.627290830539541,1.0457205744376363,,,,,,,,,5,NEUTRAL,5,NEUTRAL
2026-10-08,ETH,CHAIN_L1,TRUSTED,True,148487344045.5,0.384653899631826,0.0988265654895181,,,,,,,,,5,NEUTRAL,5,NEUTRAL
2026-10-08,LINK,INFRA_ORACLE,TRUSTED,True,,,,34795.0,4453016.0,-96.85188335094604,-6.438649250408812,0.0,4394742.0,-100.0,-1.6433133221490317,2,NEGATIVE,0,STRONG_NEGATIVE
2026-10-08,ONDO,DEFI_RWA,TRUSTED,True,,,,1586184.0,7084345.0,-4.769269378046159,-4.130652568622617,0.0,0.0,,,0,STRONG_NEGATIVE,0,STRONG_NEGATIVE
2026-10-08,SOL,CHAIN_L1,TRUSTED,True,16609529650.070002,1.2790195491301226,-0.5218569087435565,,,,,,,,,5,NEUTRAL,5,NEUTRAL
2026-10-09,ETH,CHAIN_L1,TRUSTED,True,148155693811.55002,0.1627635538217875,-0.1433533792163155,,,,,,,,,5,NEUTRAL,5,NEUTRAL
2026-10-09,LINK,INFRA_ORACLE,TRUSTED,True,,,,2183936.0,6603634.0,97.59191369395516,38.788430069578816,2029004.0,6423746.0,89.75298493295065,43.76688611529378,10,STRONG_POSITIVE,10,STRONG_POSITIVE
2026-10-09,ONDO,DEFI_RWA,TRUSTED,True,,,,1584939.0,7338553.0,-1.7353522690707446,-0.2205506246690913,0.0,0.0,,,5,NEUTRAL,5,NEUTRAL
2026-10-09,SOL,CHAIN_L1,TRUSTED,True,16377809912.49,-1.2442179918279783,-1.5180609296808756,,,,,,,,,5,NEUTRAL,5,NEUTRAL
2026-10-10,ETH,CHAIN_L1,TRUSTED,True,146898593401.49002,-0.4819796892139072,-0.9125078121651309,,,,,,,,,5,NEUTRAL,5,NEUTRAL
2026-10-10,LINK,INFRA_ORACLE,TRUSTED,True,,,,1107873.0,4457146.0,0.215016607929841,-23.509089626665535,1014502.0,4351542.0,-5.123507533524673,-21.25145904626783,0,STRONG_NEGATIVE,2,NEGATIVE
2026-10-10,ONDO,DEFI_RWA,TRUSTED,True,,,,1365901.0,7156354.0,-12.148899755658482,-2.347581202648219,0.0,0.0,,,5,NEUTRAL,0,STRONG_NEGATIVE
2026-10-10,SOL,CHAIN_L1,TRUSTED,True,16427563755.529999,-3.0866035845734663,-1.073652425835192,,,,,,,,,5,NEUTRAL,0,STRONG_NEGATIVE
