open_time,close_time,open,high,low,close,volume
2026-08-14 05:00:00+00:00,2026-08-14 05:59:59.999000+00:00,0.3315,0.3326,0.3309,0.3326,393702.3
2026-08-14 06:00:00+00:00,2026-08-14 06:59:59.999000+00:00,0.3325,0.3328,0.3311,0.3311,584829.7
2026-08-14 07:00:00+00:00,2026-08-14 07:59:59.999000+00:00,0.331,0.3316,0.3295,0.3312,743005.8
2026-08-14 08:00:00+00:00,2026-08-14 08:59:59.999000+00:00,0.3312,0.3317,0.3295,0.3312,464204.4
2026-08-14 09:00:00+00:00,2026-08-14 09:59:59.999000+00:00,0.3312,0.3312,0.3285,0.3292,583887.6
2026-08-14 10:00:00+00:00,2026-08-14 10:59:59.999000+00:00,0.3291,0.3303,0.3268,0.3271,1044587.6
2026-08-14 11:00:00+00:00,2026-08-14 11:59:59.999000+00:00,0.3271,0.3282,0.3266,0.3268,728444.9
2026-08-14 12:00:00+00:00,2026-08-14 12:59:59.999000+00:00,0.3267,0.3289,0.325,0.3287,1516594.9
2026-08-14 13:00:00+00:00,2026-08-14 13:59:59.999000+00:00,0.3288,0.3296,0.3274,0.3283,1049206.7
2026-08-14 14:00:00+00:00,2026-08-14 14:59:59.999000+00:00,0.3282,0.3284,0.3238,0.3238,1234687.6
2026-08-14 15:00:00+00:00,2026-08-14 15:59:59.999000+00:00,0.3239,0.3276,0.3227,0.3272,1643127.2
2026-08-14 16:00:00+00:00,2026-08-14 16:59:59.999000+00:00,0.3271,0.3289,0.3263,0.3263,1168266.9
2026-08-14 17:00:00+00:00,2026-08-14 17:59:59.999000+00:00,0.3263,0.3277,0.326,0.3264,414070.3
2026-08-14 18:00:00+00:00,2026-08-14 18:59:59.999000+00:00,0.3263,0.3267,0.324,0.3241,441143.0
2026-08-14 19:00:00+00:00,2026-08-14 19:59:59.999000+00:00,0.3242,0.3248,0.3221,0.3241,1271850.9
2026-08-14 20:00:00+00:00,2026-08-14 20:59:59.999000+00:00,0.3241,0.3248,0.3232,0.3233,333800.3
2026-08-14 21:00:00+00:00,2026-08-14 21:59:59.999000+00:00,0.3233,0.3245,0.3214,0.3226,596988.9
2026-08-14 22:00:00+00:00,2026-08-14 22:59:59.999000+00:00,0.3226,0.324,0.3223,0.3234,287392.3
2026-08-14 23:00:00+00:00,2026-08-14 23:59:59.999000+00:00,0.3234,0.3273,0.3233,0.3273,721974.5
2026-08-15 00:00:00+00:00,2026-08-15 00:59:59.999000+00:00,0.3274,0.33,0.3271,0.328,563549.6
2026-08-15 01:00:00+00:00,2026-08-15 01:59:59.999000+00:00,0.328,0.3288,0.3274,0.3285,338666.9
2026-08-15 02:00:00+00:00,2026-08-15 02:59:59.999000+00:00,0.3286,0.3305,0.3286,0.3304,763545.1
2026-08-15 03:00:00+00:00,2026-08-15 03:59:59.999000+00:00,0.3304,0.3315,0.33,0.3305,644905.2
2026-08-15 04:00:00+00:00,2026-08-15 04:59:59.999000+00:00,0.3306,0.3311,0.3295,0.3295,315556.6
2026-08-15 05:00:00+00:00,2026-08-15 05:59:59.999000+00:00,0.3295,0.3298,0.3281,0.3289,840821.4
2026-08-15 06:00:00+00:00,2026-08-15 06:59:59.999000+00:00,0.329,0.329,0.3282,0.3284,310329.3
2026-08-15 07:00:00+00:00,2026-08-15 07:59:59.999000+00:00,0.3283,0.3283,0.3261,0.3263,812850.6
2026-08-15 08:00:00+00:00,2026-08-15 08:59:59.999000+00:00,0.3263,0.3282,0.3258,0.3259,871257.9
2026-08-15 09:00:00+00:00,2026-08-15 09:59:59.999000+00:00,0.3259,0.3269,0.3255,0.3269,436563.8
2026-08-15 10:00:00+00:00,2026-08-15 10:59:59.999000+00:00,0.3269,0.3269,0.3262,0.3267,257178.1
2026-08-15 11:00:00+00:00,2026-08-15 11:59:59.999000+00:00,0.3266,0.3267,0.3259,0.326,668493.4
2026-08-15 12:00:00+00:00,2026-08-15 12:59:59.999000+00:00,0.3259,0.329,0.3257,0.3289,412781.8
2026-08-15 13:00:00+00:00,2026-08-15 13:59:59.999000+00:00,0.3288,0.3296,0.3277,0.328,550738.0
2026-08-15 14:00:00+00:00,2026-08-15 14:59:59.999000+00:00,0.3281,0.3288,0.3275,0.3275,366390.6
2026-08-15 15:00:00+00:00,2026-08-15 15:59:59.999000+00:00,0.3274,0.3275,0.3264,0.3271,363133.0
2026-08-15 16:00:00+00:00,2026-08-15 16:59:59.999000+00:00,0.3271,0.3274,0.3263,0.3264,291335.1
2026-08-15 17:00:00+00:00,2026-08-15 17:59:59.999000+00:00,0.3264,0.3267,0.3258,0.3263,286566.3
2026-08-15 18:00:00+00:00,2026-08-15 18:59:59.999000+00:00,0.3263,0.3267,0.3246,0.3247,301207.6
2026-08-15 19:00:00+00:00,2026-08-15 19:59:59.999000+00:00,0.3246,0.3258,0.3246,0.3256,205349.6
2026-08-15 20:00:00+00:00,2026-08-15 20:59:59.999000+00:00,0.3256,0.326,0.3248,0.3251,174437.2
2026-08-15 21:00:00+00:00,2026-08-15 21:59:59.999000+00:00,0.3251,0.3256,0.3246,0.3253,209079.1
2026-08-15 22:00:00+00:00,2026-08-15 22:59:59.999000+00:00,0.3253,0.3253,0.324,0.3241,329676.8
2026-08-15 23:00:00+00:00,2026-08-15 23:59:59.999000+00:00,0.3241,0.3245,0.3233,0.3235,321392.2
2026-08-16 00:00:00+00:00,2026-08-16 00:59:59.999000+00:00,0.3236,0.3283,0.3233,0.3251,774687.9
2026-08-16 01:00:00+00:00,2026-08-16 01:59:59.999000+00:00,0.3251,0.3253,0.3233,0.3235,255198.0
2026-08-16 02:00:00+00:00,2026-08-16 02:59:59.999000+00:00,0.3234,0.3253,0.3221,0.3245,677530.0
2026-08-16 03:00:00+00:00,2026-08-16 03:59:59.999000+00:00,0.3245,0.3254,0.3244,0.3248,386112.2
2026-08-16 04:00:00+00:00,2026-08-16 04:59:59.999000+00:00,0.3248,0.3254,0.3242,0.3242,257293.1
2026-08-16 05:00:00+00:00,2026-08-16 05:59:59.999000+00:00,0.3243,0.3248,0.3234,0.3239,619087.2
2026-08-16 06:00:00+00:00,2026-08-16 06:59:59.999000+00:00,0.3239,0.3246,0.3232,0.3237,462426.1
2026-08-16 07:00:00+00:00,2026-08-16 07:59:59.999000+00:00,0.3237,0.3248,0.3233,0.3243,463072.6
2026-08-16 08:00:00+00:00,2026-08-16 08:59:59.999000+00:00,0.3243,0.325,0.324,0.3248,332981.7
2026-08-16 09:00:00+00:00,2026-08-16 09:59:59.999000+00:00,0.3249,0.3261,0.3245,0.3257,244760.6
2026-08-16 10:00:00+00:00,2026-08-16 10:59:59.999000+00:00,0.3256,0.3262,0.3252,0.326,314662.4
2026-08-16 11:00:00+00:00,2026-08-16 11:59:59.999000+00:00,0.326,0.3271,0.3259,0.3262,456036.7
2026-08-16 12:00:00+00:00,2026-08-16 12:59:59.999000+00:00,0.3261,0.3268,0.3255,0.3263,461129.8
2026-08-16 13:00:00+00:00,2026-08-16 13:59:59.999000+00:00,0.3264,0.3276,0.3263,0.3271,350444.0
2026-08-16 14:00:00+00:00,2026-08-16 14:59:59.999000+00:00,0.3271,0.3298,0.327,0.3295,1153526.6
2026-08-16 15:00:00+00:00,2026-08-16 15:59:59.999000+00:00,0.3295,0.3341,0.3293,0.3328,1121806.5
2026-08-16 16:00:00+00:00,2026-08-16 16:59:59.999000+00:00,0.3329,0.3338,0.3311,0.3324,794582.2
2026-08-16 17:00:00+00:00,2026-08-16 17:59:59.999000+00:00,0.3324,0.3327,0.3308,0.332,385648.7
2026-08-16 18:00:00+00:00,2026-08-16 18:59:59.999000+00:00,0.332,0.3326,0.3302,0.3302,332139.8
2026-08-16 19:00:00+00:00,2026-08-16 19:59:59.999000+00:00,0.3303,0.3325,0.3302,0.332,508855.4
2026-08-16 20:00:00+00:00,2026-08-16 20:59:59.999000+00:00,0.3321,0.3323,0.3302,0.3307,314015.6
2026-08-16 21:00:00+00:00,2026-08-16 21:59:59.999000+00:00,0.3306,0.3306,0.3267,0.3278,528452.1
2026-08-16 22:00:00+00:00,2026-08-16 22:59:59.999000+00:00,0.3277,0.3299,0.3265,0.3293,364899.4
2026-08-16 23:00:00+00:00,2026-08-16 23:59:59.999000+00:00,0.3294,0.3305,0.3286,0.3305,217888.4
2026-08-17 00:00:00+00:00,2026-08-17 00:59:59.999000+00:00,0.3305,0.3328,0.3289,0.331,505204.2
2026-08-17 01:00:00+00:00,2026-08-17 01:59:59.999000+00:00,0.3309,0.3346,0.3308,0.3337,749587.4
2026-08-17 02:00:00+00:00,2026-08-17 02:59:59.999000+00:00,0.3338,0.3358,0.3335,0.335,1120122.8
2026-08-17 03:00:00+00:00,2026-08-17 03:59:59.999000+00:00,0.335,0.3356,0.3328,0.3338,513415.8
2026-08-17 04:00:00+00:00,2026-08-17 04:59:59.999000+00:00,0.3339,0.3353,0.3337,0.3351,314728.7
2026-08-17 05:00:00+00:00,2026-08-17 05:59:59.999000+00:00,0.3351,0.3385,0.3347,0.3365,1260595.2
2026-08-17 06:00:00+00:00,2026-08-17 06:59:59.999000+00:00,0.3365,0.3393,0.3365,0.3393,993772.1
2026-08-17 07:00:00+00:00,2026-08-17 07:59:59.999000+00:00,0.3393,0.3396,0.3373,0.3383,596264.4
2026-08-17 08:00:00+00:00,2026-08-17 08:59:59.999000+00:00,0.3382,0.3383,0.3354,0.3358,394468.4
2026-08-17 09:00:00+00:00,2026-08-17 09:59:59.999000+00:00,0.3358,0.3375,0.3353,0.3374,336626.7
2026-08-17 10:00:00+00:00,2026-08-17 10:59:59.999000+00:00,0.3373,0.3383,0.3354,0.3377,461699.5
2026-08-17 11:00:00+00:00,2026-08-17 11:59:59.999000+00:00,0.3377,0.3419,0.3375,0.341,1894976.8
2026-08-17 12:00:00+00:00,2026-08-17 12:59:59.999000+00:00,0.3411,0.3423,0.3381,0.3383,1514511.1
2026-08-17 13:00:00+00:00,2026-08-17 13:59:59.999000+00:00,0.3383,0.34,0.3368,0.3398,896946.1
2026-08-17 14:00:00+00:00,2026-08-17 14:59:59.999000+00:00,0.3399,0.34,0.3372,0.3392,907581.3
2026-08-17 15:00:00+00:00,2026-08-17 15:59:59.999000+00:00,0.3392,0.3394,0.337,0.3387,800249.1
2026-08-17 16:00:00+00:00,2026-08-17 16:59:59.999000+00:00,0.3388,0.3388,0.3358,0.3362,1125511.5
2026-08-17 17:00:00+00:00,2026-08-17 17:59:59.999000+00:00,0.3361,0.3381,0.3357,0.3361,360971.7
2026-08-17 18:00:00+00:00,2026-08-17 18:59:59.999000+00:00,0.3361,0.3362,0.3335,0.3335,544937.2
2026-08-17 19:00:00+00:00,2026-08-17 19:59:59.999000+00:00,0.3336,0.3344,0.3325,0.3331,593229.4
2026-08-17 20:00:00+00:00,2026-08-17 20:59:59.999000+00:00,0.333,0.3341,0.3321,0.3338,326706.4
2026-08-17 21:00:00+00:00,2026-08-17 21:59:59.999000+00:00,0.3337,0.3348,0.3334,0.3344,281651.7
2026-08-17 22:00:00+00:00,2026-08-17 22:59:59.999000+00:00,0.3345,0.3348,0.3331,0.3333,330158.9
2026-08-17 23:00:00+00:00,2026-08-17 23:59:59.999000+00:00,0.3333,0.3367,0.333,0.3364,623790.6
2026-08-18 00:00:00+00:00,2026-08-18 00:59:59.999000+00:00,0.3364,0.3366,0.3341,0.3356,708824.8
2026-08-18 01:00:00+00:00,2026-08-18 01:59:59.999000+00:00,0.3357,0.3359,0.3308,0.3313,1255012.9
2026-08-18 02:00:00+00:00,2026-08-18 02:59:59.999000+00:00,0.3314,0.3319,0.3277,0.3288,1096806.4
2026-08-18 03:00:00+00:00,2026-08-18 03:59:59.999000+00:00,0.3288,0.3308,0.3286,0.3304,493446.3
2026-08-18 04:00:00+00:00,2026-08-18 04:59:59.999000+00:00,0.3305,0.3315,0.3299,0.3311,305292.7
2026-08-18 05:00:00+00:00,2026-08-18 05:59:59.999000+00:00,0.3311,0.3317,0.3288,0.3299,406111.0
2026-08-18 06:00:00+00:00,2026-08-18 06:59:59.999000+00:00,0.3298,0.3329,0.3288,0.3306,624251.2
2026-08-18 07:00:00+00:00,2026-08-18 07:59:59.999000+00:00,0.3307,0.331,0.3291,0.3294,337912.0
2026-08-18 08:00:00+00:00,2026-08-18 08:59:59.999000+00:00,0.3294,0.3296,0.3279,0.3294,408107.1
2026-08-18 09:00:00+00:00,2026-08-18 09:59:59.999000+00:00,0.3293,0.3308,0.3292,0.3303,328321.3
2026-08-18 10:00:00+00:00,2026-08-18 10:59:59.999000+00:00,0.3303,0.3312,0.3294,0.3311,198793.8
2026-08-18 11:00:00+00:00,2026-08-18 11:59:59.999000+00:00,0.331,0.332,0.331,0.3315,194905.3
2026-08-18 12:00:00+00:00,2026-08-18 12:59:59.999000+00:00,0.3316,0.3317,0.3296,0.3299,274744.7
2026-08-18 13:00:00+00:00,2026-08-18 13:59:59.999000+00:00,0.3299,0.3314,0.3283,0.3287,1787420.4
2026-08-18 14:00:00+00:00,2026-08-18 14:59:59.999000+00:00,0.3288,0.3333,0.3286,0.3306,715241.7
2026-08-18 15:00:00+00:00,2026-08-18 15:59:59.999000+00:00,0.3306,0.3346,0.33,0.3339,839787.4
2026-08-18 16:00:00+00:00,2026-08-18 16:59:59.999000+00:00,0.334,0.3344,0.3303,0.3307,423270.0
2026-08-18 17:00:00+00:00,2026-08-18 17:59:59.999000+00:00,0.3306,0.3321,0.3299,0.3307,313218.6
2026-08-18 18:00:00+00:00,2026-08-18 18:59:59.999000+00:00,0.3306,0.3325,0.3304,0.3316,476104.9
2026-08-18 19:00:00+00:00,2026-08-18 19:59:59.999000+00:00,0.3317,0.3318,0.3305,0.3308,188750.4
2026-08-18 20:00:00+00:00,2026-08-18 20:59:59.999000+00:00,0.3309,0.331,0.3282,0.3288,373392.5
2026-08-18 21:00:00+00:00,2026-08-18 21:59:59.999000+00:00,0.3288,0.3294,0.3235,0.3255,1733126.6
2026-08-18 22:00:00+00:00,2026-08-18 22:59:59.999000+00:00,0.3253,0.3267,0.3252,0.3258,544240.2
2026-08-18 23:00:00+00:00,2026-08-18 23:59:59.999000+00:00,0.3258,0.3274,0.3258,0.3263,377277.4
2026-08-19 00:00:00+00:00,2026-08-19 00:59:59.999000+00:00,0.3264,0.3265,0.3235,0.3235,754758.7
2026-08-19 01:00:00+00:00,2026-08-19 01:59:59.999000+00:00,0.3235,0.3246,0.3216,0.3242,725978.2
2026-08-19 02:00:00+00:00,2026-08-19 02:59:59.999000+00:00,0.3242,0.3243,0.3228,0.3236,696842.4
2026-08-19 03:00:00+00:00,2026-08-19 03:59:59.999000+00:00,0.3236,0.3265,0.3234,0.3257,383343.7
2026-08-19 04:00:00+00:00,2026-08-19 04:59:59.999000+00:00,0.3258,0.3259,0.3236,0.3239,282012.6
2026-08-19 05:00:00+00:00,2026-08-19 05:59:59.999000+00:00,0.3239,0.3246,0.3231,0.3231,397213.4
2026-08-19 06:00:00+00:00,2026-08-19 06:59:59.999000+00:00,0.3232,0.3257,0.3223,0.3257,644583.9
2026-08-19 07:00:00+00:00,2026-08-19 07:59:59.999000+00:00,0.3258,0.3258,0.3242,0.3245,361580.1
2026-08-19 08:00:00+00:00,2026-08-19 08:59:59.999000+00:00,0.3245,0.3258,0.324,0.3247,406252.6
2026-08-19 09:00:00+00:00,2026-08-19 09:59:59.999000+00:00,0.3247,0.3255,0.3231,0.3238,523260.3
2026-08-19 10:00:00+00:00,2026-08-19 10:59:59.999000+00:00,0.3238,0.3253,0.323,0.3253,392971.3
2026-08-19 11:00:00+00:00,2026-08-19 11:59:59.999000+00:00,0.3252,0.3268,0.3249,0.3259,390896.4
2026-08-19 12:00:00+00:00,2026-08-19 12:59:59.999000+00:00,0.3259,0.3292,0.3252,0.3285,715379.5
2026-08-19 13:00:00+00:00,2026-08-19 13:59:59.999000+00:00,0.3285,0.3301,0.3278,0.3298,1709885.5
2026-08-19 14:00:00+00:00,2026-08-19 14:59:59.999000+00:00,0.3298,0.3369,0.3295,0.3359,1677099.0
2026-08-19 15:00:00+00:00,2026-08-19 15:59:59.999000+00:00,0.336,0.35,0.335,0.3403,7819895.9
2026-08-19 16:00:00+00:00,2026-08-19 16:59:59.999000+00:00,0.3402,0.3417,0.3389,0.3397,2070024.7
2026-08-19 17:00:00+00:00,2026-08-19 17:59:59.999000+00:00,0.3397,0.3401,0.3356,0.3393,1770485.2
2026-08-19 18:00:00+00:00,2026-08-19 18:59:59.999000+00:00,0.3393,0.3402,0.3376,0.3379,609571.6
2026-08-19 19:00:00+00:00,2026-08-19 19:59:59.999000+00:00,0.3377,0.3413,0.3367,0.3412,976736.7
2026-08-19 20:00:00+00:00,2026-08-19 20:59:59.999000+00:00,0.3411,0.3486,0.3407,0.3478,3093330.7
2026-08-19 21:00:00+00:00,2026-08-19 21:59:59.999000+00:00,0.3478,0.3553,0.3477,0.3537,4357557.7
2026-08-19 22:00:00+00:00,2026-08-19 22:59:59.999000+00:00,0.3538,0.355,0.3453,0.3465,3987059.6
2026-08-19 23:00:00+00:00,2026-08-19 23:59:59.999000+00:00,0.3466,0.3487,0.3455,0.3472,1267036.9
2026-08-20 00:00:00+00:00,2026-08-20 00:59:59.999000+00:00,0.3471,0.3522,0.3458,0.3487,2145643.3
2026-08-20 01:00:00+00:00,2026-08-20 01:59:59.999000+00:00,0.3488,0.3519,0.3459,0.3505,1397926.9
2026-08-20 02:00:00+00:00,2026-08-20 02:59:59.999000+00:00,0.3505,0.3511,0.3461,0.3463,1129026.8
2026-08-20 03:00:00+00:00,2026-08-20 03:59:59.999000+00:00,0.3464,0.3464,0.3413,0.342,1481308.4
2026-08-20 04:00:00+00:00,2026-08-20 04:59:59.999000+00:00,0.3418,0.3457,0.3414,0.3455,1215346.8
2026-08-20 05:00:00+00:00,2026-08-20 05:59:59.999000+00:00,0.3454,0.3467,0.3447,0.3453,999881.3
2026-08-20 06:00:00+00:00,2026-08-20 06:59:59.999000+00:00,0.3454,0.3475,0.3444,0.3459,1254230.5
2026-08-20 07:00:00+00:00,2026-08-20 07:59:59.999000+00:00,0.3459,0.3464,0.3423,0.3436,1385468.9
2026-08-20 08:00:00+00:00,2026-08-20 08:59:59.999000+00:00,0.3436,0.3534,0.3429,0.3525,3191991.0
2026-08-20 09:00:00+00:00,2026-08-20 09:59:59.999000+00:00,0.3525,0.3537,0.3475,0.3492,2741507.1
2026-08-20 10:00:00+00:00,2026-08-20 10:59:59.999000+00:00,0.3493,0.3549,0.3483,0.3524,2120026.7
2026-08-20 11:00:00+00:00,2026-08-20 11:59:59.999000+00:00,0.3524,0.3568,0.3499,0.3534,3465297.8
2026-08-20 12:00:00+00:00,2026-08-20 12:59:59.999000+00:00,0.3533,0.3543,0.3482,0.3522,2859130.2
2026-08-20 13:00:00+00:00,2026-08-20 13:59:59.999000+00:00,0.3523,0.3531,0.3471,0.3514,2313180.3
2026-08-20 14:00:00+00:00,2026-08-20 14:59:59.999000+00:00,0.3515,0.3536,0.3491,0.3536,2852728.8
2026-08-20 15:00:00+00:00,2026-08-20 15:59:59.999000+00:00,0.3535,0.358,0.3519,0.357,3451541.3
2026-08-20 16:00:00+00:00,2026-08-20 16:59:59.999000+00:00,0.357,0.3587,0.3542,0.3585,1949550.4
2026-08-20 17:00:00+00:00,2026-08-20 17:59:59.999000+00:00,0.3584,0.3624,0.3576,0.3583,2548806.1
2026-08-20 18:00:00+00:00,2026-08-20 18:59:59.999000+00:00,0.3584,0.3597,0.3486,0.3493,2839527.7
2026-08-20 19:00:00+00:00,2026-08-20 19:59:59.999000+00:00,0.3492,0.3506,0.3467,0.3474,2179844.7
2026-08-20 20:00:00+00:00,2026-08-20 20:59:59.999000+00:00,0.3475,0.3498,0.3466,0.3494,1491160.7
2026-08-20 21:00:00+00:00,2026-08-20 21:59:59.999000+00:00,0.3494,0.3524,0.3479,0.3523,1631239.8
2026-08-20 22:00:00+00:00,2026-08-20 22:59:59.999000+00:00,0.3523,0.3562,0.3511,0.3529,1791468.8
2026-08-20 23:00:00+00:00,2026-08-20 23:59:59.999000+00:00,0.353,0.3573,0.3524,0.3556,2325260.9
2026-08-21 00:00:00+00:00,2026-08-21 00:59:59.999000+00:00,0.3557,0.3589,0.3528,0.3555,2513897.5
2026-08-21 01:00:00+00:00,2026-08-21 01:59:59.999000+00:00,0.3555,0.364,0.3551,0.3636,4410786.7
2026-08-21 02:00:00+00:00,2026-08-21 02:59:59.999000+00:00,0.3637,0.3694,0.3605,0.3672,3946176.3
2026-08-21 03:00:00+00:00,2026-08-21 03:59:59.999000+00:00,0.3673,0.3673,0.3618,0.364,2797703.4
2026-08-21 04:00:00+00:00,2026-08-21 04:59:59.999000+00:00,0.364,0.3674,0.3625,0.3667,2230581.8
2026-08-21 05:00:00+00:00,2026-08-21 05:59:59.999000+00:00,0.3667,0.3667,0.3628,0.3659,1598999.0
2026-08-21 06:00:00+00:00,2026-08-21 06:59:59.999000+00:00,0.3658,0.3677,0.3635,0.3663,2029965.9
2026-08-21 07:00:00+00:00,2026-08-21 07:59:59.999000+00:00,0.3662,0.3757,0.3659,0.374,4144006.1
2026-08-21 08:00:00+00:00,2026-08-21 08:59:59.999000+00:00,0.3741,0.3822,0.3734,0.3816,4701951.1
2026-08-21 09:00:00+00:00,2026-08-21 09:59:59.999000+00:00,0.3816,0.3818,0.3667,0.3779,7216714.5
2026-08-21 10:00:00+00:00,2026-08-21 10:59:59.999000+00:00,0.3778,0.3806,0.3726,0.3792,2674003.3
2026-08-21 11:00:00+00:00,2026-08-21 11:59:59.999000+00:00,0.3791,0.3799,0.3703,0.3722,3750356.6
2026-08-21 12:00:00+00:00,2026-08-21 12:59:59.999000+00:00,0.3723,0.3808,0.3711,0.3785,2454408.6
2026-08-21 13:00:00+00:00,2026-08-21 13:59:59.999000+00:00,0.3786,0.3815,0.3712,0.3799,2838459.7
2026-08-21 14:00:00+00:00,2026-08-21 14:59:59.999000+00:00,0.3798,0.3883,0.3767,0.3855,5090236.3
2026-08-21 15:00:00+00:00,2026-08-21 15:59:59.999000+00:00,0.3855,0.4006,0.3846,0.3996,7963868.8
2026-08-21 16:00:00+00:00,2026-08-21 16:59:59.999000+00:00,0.3996,0.4066,0.3934,0.3943,8698762.2
2026-08-21 17:00:00+00:00,2026-08-21 17:59:59.999000+00:00,0.3944,0.3988,0.3876,0.39,3638817.2
2026-08-21 18:00:00+00:00,2026-08-21 18:59:59.999000+00:00,0.3899,0.3905,0.3793,0.3808,3243070.2
2026-08-21 19:00:00+00:00,2026-08-21 19:59:59.999000+00:00,0.3808,0.3808,0.3752,0.3791,2343898.4
2026-08-21 20:00:00+00:00,2026-08-21 20:59:59.999000+00:00,0.3792,0.3866,0.3777,0.386,2154494.6
2026-08-21 21:00:00+00:00,2026-08-21 21:59:59.999000+00:00,0.3861,0.393,0.3858,0.3927,2117252.3
2026-08-21 22:00:00+00:00,2026-08-21 22:59:59.999000+00:00,0.3927,0.3991,0.3916,0.3987,2088660.5
2026-08-21 23:00:00+00:00,2026-08-21 23:59:59.999000+00:00,0.3987,0.4029,0.3961,0.3968,3838597.9
2026-08-22 00:00:00+00:00,2026-08-22 00:59:59.999000+00:00,0.3968,0.4032,0.3931,0.4029,4192982.9
2026-08-22 01:00:00+00:00,2026-08-22 01:59:59.999000+00:00,0.4028,0.41,0.3988,0.4008,5475403.3
2026-08-22 02:00:00+00:00,2026-08-22 02:59:59.999000+00:00,0.4008,0.4143,0.4008,0.4126,4179270.6
2026-08-22 03:00:00+00:00,2026-08-22 03:59:59.999000+00:00,0.4127,0.4248,0.412,0.4193,6957765.4
2026-08-22 04:00:00+00:00,2026-08-22 04:59:59.999000+00:00,0.4194,0.4282,0.418,0.4236,4300901.1
2026-08-22 05:00:00+00:00,2026-08-22 05:59:59.999000+00:00,0.4235,0.4257,0.3384,0.3903,25998648.4
2026-08-22 06:00:00+00:00,2026-08-22 06:59:59.999000+00:00,0.3903,0.3966,0.384,0.389,6173786.3
2026-08-22 07:00:00+00:00,2026-08-22 07:59:59.999000+00:00,0.3888,0.394,0.3838,0.3841,2849130.6
2026-08-22 08:00:00+00:00,2026-08-22 08:59:59.999000+00:00,0.3843,0.3844,0.3721,0.3763,4374012.0
2026-08-22 09:00:00+00:00,2026-08-22 09:59:59.999000+00:00,0.3763,0.3784,0.3706,0.3732,3559732.8
2026-08-22 10:00:00+00:00,2026-08-22 10:59:59.999000+00:00,0.3733,0.3738,0.3605,0.3682,6253088.4
2026-08-22 11:00:00+00:00,2026-08-22 11:59:59.999000+00:00,0.3682,0.3715,0.3659,0.3707,3061995.2
2026-08-22 12:00:00+00:00,2026-08-22 12:59:59.999000+00:00,0.3706,0.377,0.3699,0.3719,3783968.5
2026-08-22 13:00:00+00:00,2026-08-22 13:59:59.999000+00:00,0.372,0.374,0.3691,0.3719,2047944.3
2026-08-22 14:00:00+00:00,2026-08-22 14:59:59.999000+00:00,0.3719,0.3726,0.3646,0.3669,3117527.2
2026-08-22 15:00:00+00:00,2026-08-22 15:59:59.999000+00:00,0.367,0.3705,0.3629,0.3682,3710377.5
2026-08-22 16:00:00+00:00,2026-08-22 16:59:59.999000+00:00,0.3681,0.3768,0.3665,0.3741,1965761.9
2026-08-22 17:00:00+00:00,2026-08-22 17:59:59.999000+00:00,0.3742,0.3766,0.3718,0.3734,1162311.2
2026-08-22 18:00:00+00:00,2026-08-22 18:59:59.999000+00:00,0.3734,0.3744,0.3696,0.3728,1088942.5
2026-08-22 19:00:00+00:00,2026-08-22 19:59:59.999000+00:00,0.3728,0.3755,0.3722,0.3738,686702.8
2026-08-22 20:00:00+00:00,2026-08-22 20:59:59.999000+00:00,0.3738,0.3779,0.3723,0.3739,971111.0
2026-08-22 21:00:00+00:00,2026-08-22 21:59:59.999000+00:00,0.3738,0.3741,0.3639,0.3654,1677387.0
2026-08-22 22:00:00+00:00,2026-08-22 22:59:59.999000+00:00,0.3653,0.3712,0.3625,0.3683,1760562.6
2026-08-22 23:00:00+00:00,2026-08-22 23:59:59.999000+00:00,0.3683,0.3685,0.3627,0.3636,2491839.9
2026-08-23 00:00:00+00:00,2026-08-23 00:59:59.999000+00:00,0.3637,0.3704,0.3633,0.3694,2943166.8
2026-08-23 01:00:00+00:00,2026-08-23 01:59:59.999000+00:00,0.3693,0.3693,0.365,0.3659,1796760.6
2026-08-23 02:00:00+00:00,2026-08-23 02:59:59.999000+00:00,0.3659,0.366,0.3575,0.3604,4247663.0
2026-08-23 03:00:00+00:00,2026-08-23 03:59:59.999000+00:00,0.3605,0.3608,0.3528,0.356,3569272.1
2026-08-23 04:00:00+00:00,2026-08-23 04:59:59.999000+00:00,0.3559,0.3586,0.3501,0.3519,2815055.5
2026-08-23 05:00:00+00:00,2026-08-23 05:59:59.999000+00:00,0.3518,0.3562,0.3481,0.3523,4132413.1
2026-08-23 06:00:00+00:00,2026-08-23 06:59:59.999000+00:00,0.3523,0.3571,0.352,0.3545,2280005.1
2026-08-23 07:00:00+00:00,2026-08-23 07:59:59.999000+00:00,0.3545,0.3594,0.3541,0.3573,1388261.1
2026-08-23 08:00:00+00:00,2026-08-23 08:59:59.999000+00:00,0.3572,0.3615,0.3562,0.3604,3337399.7
2026-08-23 09:00:00+00:00,2026-08-23 09:59:59.999000+00:00,0.3603,0.3625,0.3588,0.3612,1006452.6
2026-08-23 10:00:00+00:00,2026-08-23 10:59:59.999000+00:00,0.3612,0.3684,0.361,0.3683,1920004.8
2026-08-23 11:00:00+00:00,2026-08-23 11:59:59.999000+00:00,0.3682,0.3754,0.3674,0.3702,5411676.3
2026-08-23 12:00:00+00:00,2026-08-23 12:59:59.999000+00:00,0.3703,0.3741,0.3682,0.3725,1847011.5
2026-08-23 13:00:00+00:00,2026-08-23 13:59:59.999000+00:00,0.3725,0.3813,0.3724,0.3797,3591762.9
2026-08-23 14:00:00+00:00,2026-08-23 14:59:59.999000+00:00,0.3798,0.3838,0.3691,0.38,5934218.4
2026-08-23 15:00:00+00:00,2026-08-23 15:59:59.999000+00:00,0.3801,0.3894,0.3779,0.3844,3800176.7
2026-08-23 16:00:00+00:00,2026-08-23 16:59:59.999000+00:00,0.3845,0.3918,0.3845,0.3851,5409600.4
2026-08-23 17:00:00+00:00,2026-08-23 17:59:59.999000+00:00,0.3852,0.3884,0.38,0.3808,4261200.0
2026-08-23 18:00:00+00:00,2026-08-23 18:59:59.999000+00:00,0.3808,0.3847,0.3799,0.3846,1553198.8
2026-08-23 19:00:00+00:00,2026-08-23 19:59:59.999000+00:00,0.3846,0.3847,0.3783,0.3811,1332281.9
2026-08-23 20:00:00+00:00,2026-08-23 20:59:59.999000+00:00,0.3811,0.3842,0.3788,0.3837,935981.7
2026-08-23 21:00:00+00:00,2026-08-23 21:59:59.999000+00:00,0.3837,0.389,0.3837,0.3853,1330317.6
2026-08-23 22:00:00+00:00,2026-08-23 22:59:59.999000+00:00,0.3854,0.3873,0.3804,0.3847,1553931.1
2026-08-23 23:00:00+00:00,2026-08-23 23:59:59.999000+00:00,0.3848,0.3866,0.3817,0.3827,1094923.6
2026-08-24 00:00:00+00:00,2026-08-24 00:59:59.999000+00:00,0.3828,0.3831,0.3712,0.3763,4147386.1
2026-08-24 01:00:00+00:00,2026-08-24 01:59:59.999000+00:00,0.3763,0.3781,0.366,0.3674,2155797.8
2026-08-24 02:00:00+00:00,2026-08-24 02:59:59.999000+00:00,0.3673,0.3745,0.3657,0.3731,1500815.7
2026-08-24 03:00:00+00:00,2026-08-24 03:59:59.999000+00:00,0.3731,0.3735,0.3687,0.3695,1973944.7
2026-08-24 04:00:00+00:00,2026-08-24 04:59:59.999000+00:00,0.3696,0.3755,0.3694,0.3722,1704114.3
2026-08-24 05:00:00+00:00,2026-08-24 05:59:59.999000+00:00,0.3721,0.3758,0.3699,0.3742,1467129.3
2026-08-24 06:00:00+00:00,2026-08-24 06:59:59.999000+00:00,0.3741,0.3758,0.371,0.3724,1300183.5
2026-08-24 07:00:00+00:00,2026-08-24 07:59:59.999000+00:00,0.3724,0.3761,0.3718,0.3733,1324071.9
2026-08-24 08:00:00+00:00,2026-08-24 08:59:59.999000+00:00,0.3734,0.3767,0.3678,0.3709,1641148.6
2026-08-24 09:00:00+00:00,2026-08-24 09:59:59.999000+00:00,0.3708,0.3795,0.3694,0.3761,1987953.2
2026-08-24 10:00:00+00:00,2026-08-24 10:59:59.999000+00:00,0.376,0.3785,0.3733,0.374,1131085.2
2026-08-24 11:00:00+00:00,2026-08-24 11:59:59.999000+00:00,0.374,0.3833,0.3706,0.3811,2226802.8
2026-08-24 12:00:00+00:00,2026-08-24 12:59:59.999000+00:00,0.3811,0.388,0.3748,0.3857,5583679.7
2026-08-24 13:00:00+00:00,2026-08-24 13:59:59.999000+00:00,0.3858,0.3887,0.3739,0.3791,5038712.1
2026-08-24 14:00:00+00:00,2026-08-24 14:59:59.999000+00:00,0.379,0.3852,0.378,0.3814,2541131.6
2026-08-24 15:00:00+00:00,2026-08-24 15:59:59.999000+00:00,0.3816,0.3866,0.3749,0.3768,3857878.2
2026-08-24 16:00:00+00:00,2026-08-24 16:59:59.999000+00:00,0.3768,0.3829,0.3766,0.3804,2835491.4
2026-08-24 17:00:00+00:00,2026-08-24 17:59:59.999000+00:00,0.3805,0.3832,0.3723,0.3766,4363567.6
2026-08-24 18:00:00+00:00,2026-08-24 18:59:59.999000+00:00,0.3765,0.3859,0.3765,0.3832,3266683.2
2026-08-24 19:00:00+00:00,2026-08-24 19:59:59.999000+00:00,0.3833,0.3842,0.3793,0.3819,1493890.3
2026-08-24 20:00:00+00:00,2026-08-24 20:59:59.999000+00:00,0.3821,0.3872,0.3807,0.3848,1477812.4
2026-08-24 21:00:00+00:00,2026-08-24 21:59:59.999000+00:00,0.3849,0.3879,0.3826,0.3834,1362848.8
2026-08-24 22:00:00+00:00,2026-08-24 22:59:59.999000+00:00,0.3834,0.3849,0.3814,0.3817,1044288.1
2026-08-24 23:00:00+00:00,2026-08-24 23:59:59.999000+00:00,0.3817,0.3824,0.3796,0.3819,1004417.3
2026-08-25 00:00:00+00:00,2026-08-25 00:59:59.999000+00:00,0.3818,0.3882,0.3792,0.388,2107958.4
2026-08-25 01:00:00+00:00,2026-08-25 01:59:59.999000+00:00,0.388,0.3937,0.3868,0.3888,4057369.7
2026-08-25 02:00:00+00:00,2026-08-25 02:59:59.999000+00:00,0.3888,0.3993,0.3883,0.3913,4655122.5
2026-08-25 03:00:00+00:00,2026-08-25 03:59:59.999000+00:00,0.3913,0.3963,0.39,0.3917,2593747.3
2026-08-25 04:00:00+00:00,2026-08-25 04:59:59.999000+00:00,0.3917,0.3961,0.3908,0.3924,2009310.1
2026-08-25 05:00:00+00:00,2026-08-25 05:59:59.999000+00:00,0.3925,0.3963,0.3914,0.3929,1945659.5
2026-08-25 06:00:00+00:00,2026-08-25 06:59:59.999000+00:00,0.3931,0.394,0.3863,0.388,2862820.2
2026-08-25 07:00:00+00:00,2026-08-25 07:59:59.999000+00:00,0.3879,0.3916,0.3794,0.3822,2562648.0
2026-08-25 08:00:00+00:00,2026-08-25 08:59:59.999000+00:00,0.3823,0.3871,0.3815,0.384,2548110.7
2026-08-25 09:00:00+00:00,2026-08-25 09:59:59.999000+00:00,0.3841,0.3863,0.378,0.3796,1957732.0
2026-08-25 10:00:00+00:00,2026-08-25 10:59:59.999000+00:00,0.3795,0.3813,0.3773,0.3807,1788864.3
2026-08-25 11:00:00+00:00,2026-08-25 11:59:59.999000+00:00,0.3805,0.3814,0.3774,0.3778,1090220.2
2026-08-25 12:00:00+00:00,2026-08-25 12:59:59.999000+00:00,0.3779,0.3796,0.3749,0.378,1543778.6
2026-08-25 13:00:00+00:00,2026-08-25 13:59:59.999000+00:00,0.3781,0.3785,0.3675,0.371,3644522.6
2026-08-25 14:00:00+00:00,2026-08-25 14:59:59.999000+00:00,0.3709,0.375,0.3697,0.3732,1616371.5
2026-08-25 15:00:00+00:00,2026-08-25 15:59:59.999000+00:00,0.3732,0.3739,0.3698,0.3734,1278530.0
2026-08-25 16:00:00+00:00,2026-08-25 16:59:59.999000+00:00,0.3734,0.3743,0.3698,0.3724,808269.9
2026-08-25 17:00:00+00:00,2026-08-25 17:59:59.999000+00:00,0.3724,0.3724,0.3692,0.3713,650105.1
2026-08-25 18:00:00+00:00,2026-08-25 18:59:59.999000+00:00,0.3713,0.3737,0.3706,0.3723,659921.3
2026-08-25 19:00:00+00:00,2026-08-25 19:59:59.999000+00:00,0.3723,0.3729,0.3686,0.3691,795150.0
2026-08-25 20:00:00+00:00,2026-08-25 20:59:59.999000+00:00,0.369,0.3697,0.3606,0.3611,2758776.2
2026-08-25 21:00:00+00:00,2026-08-25 21:59:59.999000+00:00,0.361,0.3646,0.3563,0.364,2483453.4
2026-08-25 22:00:00+00:00,2026-08-25 22:59:59.999000+00:00,0.3641,0.3681,0.3641,0.3677,559149.8
2026-08-25 23:00:00+00:00,2026-08-25 23:59:59.999000+00:00,0.3677,0.3686,0.3625,0.3639,556447.1
2026-08-26 00:00:00+00:00,2026-08-26 00:59:59.999000+00:00,0.3639,0.3664,0.3609,0.3653,823919.4
2026-08-26 01:00:00+00:00,2026-08-26 01:59:59.999000+00:00,0.3653,0.3681,0.365,0.3672,676758.8
2026-08-26 02:00:00+00:00,2026-08-26 02:59:59.999000+00:00,0.3671,0.3698,0.3656,0.3691,1006825.0
2026-08-26 03:00:00+00:00,2026-08-26 03:59:59.999000+00:00,0.3691,0.3698,0.3656,0.367,484747.5
2026-08-26 04:00:00+00:00,2026-08-26 04:59:59.999000+00:00,0.3669,0.3693,0.3652,0.3653,515814.5
2026-08-26 05:00:00+00:00,2026-08-26 05:59:59.999000+00:00,0.3653,0.3689,0.3644,0.3684,915635.2
2026-08-26 06:00:00+00:00,2026-08-26 06:59:59.999000+00:00,0.3686,0.3706,0.3668,0.3678,442241.4
2026-08-26 07:00:00+00:00,2026-08-26 07:59:59.999000+00:00,0.3678,0.3694,0.3659,0.3667,382536.7
2026-08-26 08:00:00+00:00,2026-08-26 08:59:59.999000+00:00,0.3667,0.3682,0.3655,0.3664,610142.3
2026-08-26 09:00:00+00:00,2026-08-26 09:59:59.999000+00:00,0.3665,0.3677,0.3611,0.3631,1439847.5
2026-08-26 10:00:00+00:00,2026-08-26 10:59:59.999000+00:00,0.363,0.3707,0.3616,0.368,1357646.9
2026-08-26 11:00:00+00:00,2026-08-26 11:59:59.999000+00:00,0.368,0.3686,0.3642,0.3657,512145.6
2026-08-26 12:00:00+00:00,2026-08-26 12:59:59.999000+00:00,0.3658,0.3701,0.3632,0.3657,1551311.7
2026-08-26 13:00:00+00:00,2026-08-26 13:59:59.999000+00:00,0.3656,0.3667,0.3602,0.3624,1752507.2
2026-08-26 14:00:00+00:00,2026-08-26 14:59:59.999000+00:00,0.3624,0.3642,0.357,0.3575,1361792.8
2026-08-26 15:00:00+00:00,2026-08-26 15:59:59.999000+00:00,0.3574,0.361,0.3552,0.359,1418273.8
2026-08-26 16:00:00+00:00,2026-08-26 16:59:59.999000+00:00,0.359,0.3606,0.3566,0.3587,876872.4
2026-08-26 17:00:00+00:00,2026-08-26 17:59:59.999000+00:00,0.3587,0.3648,0.3585,0.362,488723.8
2026-08-26 18:00:00+00:00,2026-08-26 18:59:59.999000+00:00,0.3619,0.3632,0.3609,0.3618,507810.8
2026-08-26 19:00:00+00:00,2026-08-26 19:59:59.999000+00:00,0.3618,0.3647,0.3611,0.3645,781415.0
2026-08-26 20:00:00+00:00,2026-08-26 20:59:59.999000+00:00,0.3644,0.3645,0.3599,0.3636,735755.4
2026-08-26 21:00:00+00:00,2026-08-26 21:59:59.999000+00:00,0.3637,0.3688,0.3632,0.3683,1096126.8
2026-08-26 22:00:00+00:00,2026-08-26 22:59:59.999000+00:00,0.3682,0.3712,0.3676,0.3691,768886.7
2026-08-26 23:00:00+00:00,2026-08-26 23:59:59.999000+00:00,0.369,0.3755,0.3682,0.3746,1330409.2
2026-08-27 00:00:00+00:00,2026-08-27 00:59:59.999000+00:00,0.3745,0.3765,0.3707,0.3707,1603837.0
2026-08-27 01:00:00+00:00,2026-08-27 01:59:59.999000+00:00,0.3706,0.3736,0.3693,0.3723,960128.6
2026-08-27 02:00:00+00:00,2026-08-27 02:59:59.999000+00:00,0.3723,0.3739,0.3686,0.3702,1232791.8
2026-08-27 03:00:00+00:00,2026-08-27 03:59:59.999000+00:00,0.3702,0.3724,0.3686,0.3704,487338.9
2026-08-27 04:00:00+00:00,2026-08-27 04:59:59.999000+00:00,0.3705,0.3717,0.3675,0.3688,509725.2
2026-08-27 05:00:00+00:00,2026-08-27 05:59:59.999000+00:00,0.3689,0.371,0.3662,0.3705,558641.1
2026-08-27 06:00:00+00:00,2026-08-27 06:59:59.999000+00:00,0.3704,0.3731,0.3682,0.3716,1071036.5
2026-08-27 07:00:00+00:00,2026-08-27 07:59:59.999000+00:00,0.3715,0.3732,0.3704,0.3728,753523.6
2026-08-27 08:00:00+00:00,2026-08-27 08:59:59.999000+00:00,0.3729,0.38,0.3724,0.3772,2436551.2
2026-08-27 09:00:00+00:00,2026-08-27 09:59:59.999000+00:00,0.3771,0.3809,0.3756,0.3763,1734105.0
2026-08-27 10:00:00+00:00,2026-08-27 10:59:59.999000+00:00,0.3762,0.3783,0.37,0.3723,1619201.4
2026-08-27 11:00:00+00:00,2026-08-27 11:59:59.999000+00:00,0.3724,0.3741,0.3704,0.3729,2469015.6
2026-08-27 12:00:00+00:00,2026-08-27 12:59:59.999000+00:00,0.3728,0.3748,0.3715,0.3733,831500.5
2026-08-27 13:00:00+00:00,2026-08-27 13:59:59.999000+00:00,0.3733,0.3774,0.3725,0.3772,1450209.3
2026-08-27 14:00:00+00:00,2026-08-27 14:59:59.999000+00:00,0.3771,0.3799,0.3744,0.3784,2380529.1
2026-08-27 15:00:00+00:00,2026-08-27 15:59:59.999000+00:00,0.3785,0.3795,0.377,0.3788,1734410.8
2026-08-27 16:00:00+00:00,2026-08-27 16:59:59.999000+00:00,0.3789,0.3838,0.3779,0.3817,1798817.4
2026-08-27 17:00:00+00:00,2026-08-27 17:59:59.999000+00:00,0.3817,0.3842,0.3793,0.3799,1468792.5
2026-08-27 18:00:00+00:00,2026-08-27 18:59:59.999000+00:00,0.3799,0.3802,0.3737,0.3769,1222956.7
2026-08-27 19:00:00+00:00,2026-08-27 19:59:59.999000+00:00,0.377,0.3783,0.3746,0.3751,1978134.3
2026-08-27 20:00:00+00:00,2026-08-27 20:59:59.999000+00:00,0.3751,0.3797,0.3733,0.3794,4522162.6
2026-08-27 21:00:00+00:00,2026-08-27 21:59:59.999000+00:00,0.3795,0.3812,0.3786,0.3812,983227.1
2026-08-27 22:00:00+00:00,2026-08-27 22:59:59.999000+00:00,0.3812,0.3826,0.3792,0.3795,1856087.2
2026-08-27 23:00:00+00:00,2026-08-27 23:59:59.999000+00:00,0.3795,0.3795,0.3768,0.3771,690046.8
2026-08-28 00:00:00+00:00,2026-08-28 00:59:59.999000+00:00,0.3771,0.3803,0.3748,0.3793,1047820.7
2026-08-28 01:00:00+00:00,2026-08-28 01:59:59.999000+00:00,0.3793,0.3869,0.3793,0.3801,1693957.4
2026-08-28 02:00:00+00:00,2026-08-28 02:59:59.999000+00:00,0.3801,0.3801,0.3685,0.3706,2515773.8
2026-08-28 03:00:00+00:00,2026-08-28 03:59:59.999000+00:00,0.3707,0.3719,0.3687,0.3704,1080882.0
2026-08-28 04:00:00+00:00,2026-08-28 04:59:59.999000+00:00,0.3704,0.372,0.3677,0.3693,1183691.5
2026-08-28 05:00:00+00:00,2026-08-28 05:59:59.999000+00:00,0.3692,0.3703,0.3676,0.3688,908470.7
2026-08-28 06:00:00+00:00,2026-08-28 06:59:59.999000+00:00,0.3689,0.3732,0.3689,0.3717,1146211.6
2026-08-28 07:00:00+00:00,2026-08-28 07:59:59.999000+00:00,0.3717,0.3719,0.3674,0.3681,1320844.9
2026-08-28 08:00:00+00:00,2026-08-28 08:59:59.999000+00:00,0.3683,0.3698,0.3657,0.367,1463253.4
2026-08-28 09:00:00+00:00,2026-08-28 09:59:59.999000+00:00,0.367,0.3683,0.3656,0.3661,797328.9
2026-08-28 10:00:00+00:00,2026-08-28 10:59:59.999000+00:00,0.3662,0.3699,0.3638,0.3697,1309891.0
2026-08-28 11:00:00+00:00,2026-08-28 11:59:59.999000+00:00,0.3698,0.371,0.3666,0.3678,1131873.4
2026-08-28 12:00:00+00:00,2026-08-28 12:59:59.999000+00:00,0.3678,0.3693,0.3673,0.3678,837858.0
2026-08-28 13:00:00+00:00,2026-08-28 13:59:59.999000+00:00,0.3677,0.3689,0.3655,0.3674,1138923.7
2026-08-28 14:00:00+00:00,2026-08-28 14:59:59.999000+00:00,0.3675,0.3724,0.3599,0.3713,3993519.7
2026-08-28 15:00:00+00:00,2026-08-28 15:59:59.999000+00:00,0.3714,0.3725,0.3609,0.3609,1659751.4
2026-08-28 16:00:00+00:00,2026-08-28 16:59:59.999000+00:00,0.3611,0.3618,0.351,0.3573,4612484.2
2026-08-28 17:00:00+00:00,2026-08-28 17:59:59.999000+00:00,0.3574,0.3578,0.3547,0.3556,1706637.1
2026-08-28 18:00:00+00:00,2026-08-28 18:59:59.999000+00:00,0.3555,0.356,0.3501,0.353,1912998.2
2026-08-28 19:00:00+00:00,2026-08-28 19:59:59.999000+00:00,0.353,0.3548,0.3523,0.353,607916.6
2026-08-28 20:00:00+00:00,2026-08-28 20:59:59.999000+00:00,0.3528,0.3542,0.3519,0.3532,421213.1
2026-08-28 21:00:00+00:00,2026-08-28 21:59:59.999000+00:00,0.3533,0.3553,0.3514,0.3519,638620.3
2026-08-28 22:00:00+00:00,2026-08-28 22:59:59.999000+00:00,0.3519,0.3559,0.3519,0.3554,637311.0
2026-08-28 23:00:00+00:00,2026-08-28 23:59:59.999000+00:00,0.3553,0.3565,0.3548,0.3564,667631.7
2026-08-29 00:00:00+00:00,2026-08-29 00:59:59.999000+00:00,0.3563,0.3574,0.3548,0.3551,662635.6
2026-08-29 01:00:00+00:00,2026-08-29 01:59:59.999000+00:00,0.3551,0.3551,0.3527,0.3533,395457.0
2026-08-29 02:00:00+00:00,2026-08-29 02:59:59.999000+00:00,0.3532,0.3536,0.3506,0.3516,910116.4
2026-08-29 03:00:00+00:00,2026-08-29 03:59:59.999000+00:00,0.3516,0.3527,0.3501,0.3501,449777.9
2026-08-29 04:00:00+00:00,2026-08-29 04:59:59.999000+00:00,0.3501,0.3513,0.3495,0.3505,695670.1
2026-08-29 05:00:00+00:00,2026-08-29 05:59:59.999000+00:00,0.3505,0.3523,0.3505,0.3519,578684.3
2026-08-29 06:00:00+00:00,2026-08-29 06:59:59.999000+00:00,0.352,0.3521,0.3485,0.349,830710.6
2026-08-29 07:00:00+00:00,2026-08-29 07:59:59.999000+00:00,0.349,0.3502,0.3482,0.3488,804442.3
2026-08-29 08:00:00+00:00,2026-08-29 08:59:59.999000+00:00,0.3487,0.3491,0.3472,0.3479,670206.5
2026-08-29 09:00:00+00:00,2026-08-29 09:59:59.999000+00:00,0.348,0.3497,0.3477,0.3494,608266.3
2026-08-29 10:00:00+00:00,2026-08-29 10:59:59.999000+00:00,0.3494,0.3508,0.3486,0.3497,456939.9
2026-08-29 11:00:00+00:00,2026-08-29 11:59:59.999000+00:00,0.3496,0.3509,0.3493,0.3497,544203.8
2026-08-29 12:00:00+00:00,2026-08-29 12:59:59.999000+00:00,0.3497,0.3529,0.3494,0.3503,1046598.7
2026-08-29 13:00:00+00:00,2026-08-29 13:59:59.999000+00:00,0.3503,0.352,0.3493,0.3514,651782.2
2026-08-29 14:00:00+00:00,2026-08-29 14:59:59.999000+00:00,0.3514,0.3556,0.3512,0.3553,910122.7
2026-08-29 15:00:00+00:00,2026-08-29 15:59:59.999000+00:00,0.3553,0.3554,0.3525,0.3537,810876.3
2026-08-29 16:00:00+00:00,2026-08-29 16:59:59.999000+00:00,0.3538,0.3555,0.3528,0.3531,800127.3
2026-08-29 17:00:00+00:00,2026-08-29 17:59:59.999000+00:00,0.3531,0.3534,0.3505,0.3513,629545.0
2026-08-29 18:00:00+00:00,2026-08-29 18:59:59.999000+00:00,0.3514,0.3542,0.3508,0.3534,512029.6
2026-08-29 19:00:00+00:00,2026-08-29 19:59:59.999000+00:00,0.3534,0.3543,0.3527,0.3534,384779.7
2026-08-29 20:00:00+00:00,2026-08-29 20:59:59.999000+00:00,0.3534,0.3546,0.3533,0.3539,251227.6
2026-08-29 21:00:00+00:00,2026-08-29 21:59:59.999000+00:00,0.354,0.3546,0.3527,0.3527,239424.0
2026-08-29 22:00:00+00:00,2026-08-29 22:59:59.999000+00:00,0.3528,0.353,0.3515,0.3528,393489.5
2026-08-29 23:00:00+00:00,2026-08-29 23:59:59.999000+00:00,0.3529,0.3537,0.3525,0.3532,444869.9
2026-08-30 00:00:00+00:00,2026-08-30 00:59:59.999000+00:00,0.3532,0.354,0.3521,0.3522,441042.3
2026-08-30 01:00:00+00:00,2026-08-30 01:59:59.999000+00:00,0.3523,0.3525,0.35,0.3502,494075.3
2026-08-30 02:00:00+00:00,2026-08-30 02:59:59.999000+00:00,0.3501,0.3514,0.3496,0.3509,516042.9
2026-08-30 03:00:00+00:00,2026-08-30 03:59:59.999000+00:00,0.3509,0.3518,0.3503,0.3507,770805.0
2026-08-30 04:00:00+00:00,2026-08-30 04:59:59.999000+00:00,0.3506,0.3524,0.3503,0.3518,406209.2
2026-08-30 05:00:00+00:00,2026-08-30 05:59:59.999000+00:00,0.3519,0.3543,0.3519,0.3543,434089.8
2026-08-30 06:00:00+00:00,2026-08-30 06:59:59.999000+00:00,0.3542,0.3581,0.3535,0.3572,974940.3
2026-08-30 07:00:00+00:00,2026-08-30 07:59:59.999000+00:00,0.3573,0.3574,0.3545,0.355,650416.5
2026-08-30 08:00:00+00:00,2026-08-30 08:59:59.999000+00:00,0.355,0.3556,0.3526,0.3537,479204.4
2026-08-30 09:00:00+00:00,2026-08-30 09:59:59.999000+00:00,0.3536,0.355,0.3519,0.3527,758969.9
2026-08-30 10:00:00+00:00,2026-08-30 10:59:59.999000+00:00,0.3526,0.3552,0.352,0.355,622898.4
2026-08-30 11:00:00+00:00,2026-08-30 11:59:59.999000+00:00,0.3551,0.3559,0.3541,0.3559,638650.2
2026-08-30 12:00:00+00:00,2026-08-30 12:59:59.999000+00:00,0.3559,0.3588,0.3554,0.3582,1213701.0
2026-08-30 13:00:00+00:00,2026-08-30 13:59:59.999000+00:00,0.3581,0.3631,0.3571,0.3615,1511489.0
2026-08-30 14:00:00+00:00,2026-08-30 14:59:59.999000+00:00,0.3614,0.3628,0.3588,0.3594,1073850.2
2026-08-30 15:00:00+00:00,2026-08-30 15:59:59.999000+00:00,0.3594,0.3604,0.3569,0.3586,1111515.7
2026-08-30 16:00:00+00:00,2026-08-30 16:59:59.999000+00:00,0.3587,0.3624,0.3582,0.3622,2403660.7
2026-08-30 17:00:00+00:00,2026-08-30 17:59:59.999000+00:00,0.3622,0.3626,0.3586,0.3609,2380667.0
2026-08-30 18:00:00+00:00,2026-08-30 18:59:59.999000+00:00,0.3609,0.3637,0.3588,0.3631,879263.2
2026-08-30 19:00:00+00:00,2026-08-30 19:59:59.999000+00:00,0.3631,0.3633,0.3577,0.358,1109428.9
2026-08-30 20:00:00+00:00,2026-08-30 20:59:59.999000+00:00,0.358,0.3595,0.3538,0.3557,967816.5
2026-08-30 21:00:00+00:00,2026-08-30 21:59:59.999000+00:00,0.3557,0.357,0.3522,0.3569,1123894.4
2026-08-30 22:00:00+00:00,2026-08-30 22:59:59.999000+00:00,0.3569,0.3588,0.3512,0.3522,1000649.6
2026-08-30 23:00:00+00:00,2026-08-30 23:59:59.999000+00:00,0.3521,0.3525,0.3383,0.3441,5335166.4
2026-08-31 00:00:00+00:00,2026-08-31 00:59:59.999000+00:00,0.3441,0.348,0.3424,0.3468,1176859.3
2026-08-31 01:00:00+00:00,2026-08-31 01:59:59.999000+00:00,0.3469,0.3476,0.3418,0.3423,939854.6
2026-08-31 02:00:00+00:00,2026-08-31 02:59:59.999000+00:00,0.3423,0.3459,0.3407,0.3428,690289.1
2026-08-31 03:00:00+00:00,2026-08-31 03:59:59.999000+00:00,0.3428,0.3465,0.3422,0.3458,411228.4
2026-08-31 04:00:00+00:00,2026-08-31 04:59:59.999000+00:00,0.3458,0.3458,0.3427,0.3452,606112.3
2026-08-31 05:00:00+00:00,2026-08-31 05:59:59.999000+00:00,0.3452,0.3496,0.3448,0.3478,705693.8
2026-08-31 06:00:00+00:00,2026-08-31 06:59:59.999000+00:00,0.3478,0.3489,0.3463,0.3474,797337.5
2026-08-31 07:00:00+00:00,2026-08-31 07:59:59.999000+00:00,0.3473,0.3498,0.3469,0.3485,713139.5
2026-08-31 08:00:00+00:00,2026-08-31 08:59:59.999000+00:00,0.3485,0.3501,0.3475,0.3479,614753.7
2026-08-31 09:00:00+00:00,2026-08-31 09:59:59.999000+00:00,0.3478,0.3495,0.347,0.3474,744244.9
2026-08-31 10:00:00+00:00,2026-08-31 10:59:59.999000+00:00,0.3475,0.3485,0.3461,0.348,859425.2
2026-08-31 11:00:00+00:00,2026-08-31 11:59:59.999000+00:00,0.348,0.348,0.3455,0.3463,591727.3
2026-08-31 12:00:00+00:00,2026-08-31 12:59:59.999000+00:00,0.3463,0.3484,0.3428,0.344,851916.1
2026-08-31 13:00:00+00:00,2026-08-31 13:59:59.999000+00:00,0.3441,0.3459,0.3419,0.3425,691132.9
2026-08-31 14:00:00+00:00,2026-08-31 14:59:59.999000+00:00,0.3427,0.348,0.3417,0.3477,1381120.2
2026-08-31 15:00:00+00:00,2026-08-31 15:59:59.999000+00:00,0.3478,0.3478,0.3436,0.344,821667.6
2026-08-31 16:00:00+00:00,2026-08-31 16:59:59.999000+00:00,0.344,0.346,0.3425,0.3442,998772.7
2026-08-31 17:00:00+00:00,2026-08-31 17:59:59.999000+00:00,0.3442,0.3473,0.3432,0.3472,766921.8
2026-08-31 18:00:00+00:00,2026-08-31 18:59:59.999000+00:00,0.3472,0.35,0.3462,0.3479,1681168.7
2026-08-31 19:00:00+00:00,2026-08-31 19:59:59.999000+00:00,0.348,0.3491,0.3462,0.3469,560250.6
2026-08-31 20:00:00+00:00,2026-08-31 20:59:59.999000+00:00,0.3469,0.3496,0.3466,0.3479,478063.9
2026-08-31 21:00:00+00:00,2026-08-31 21:59:59.999000+00:00,0.348,0.3493,0.3457,0.3483,642799.4
2026-08-31 22:00:00+00:00,2026-08-31 22:59:59.999000+00:00,0.3483,0.3486,0.345,0.3457,346494.4
2026-08-31 23:00:00+00:00,2026-08-31 23:59:59.999000+00:00,0.3456,0.3471,0.3444,0.3461,326825.9
2026-09-01 00:00:00+00:00,2026-09-01 00:59:59.999000+00:00,0.3461,0.3492,0.3454,0.3475,635778.5
2026-09-01 01:00:00+00:00,2026-09-01 01:59:59.999000+00:00,0.3476,0.3488,0.3457,0.347,412903.7
2026-09-01 02:00:00+00:00,2026-09-01 02:59:59.999000+00:00,0.347,0.3476,0.345,0.3476,780391.3
2026-09-01 03:00:00+00:00,2026-09-01 03:59:59.999000+00:00,0.3476,0.3504,0.3468,0.3489,938858.9
2026-09-01 04:00:00+00:00,2026-09-01 04:59:59.999000+00:00,0.349,0.3504,0.3479,0.3483,715752.8
2026-09-01 05:00:00+00:00,2026-09-01 05:59:59.999000+00:00,0.3483,0.3545,0.3483,0.3531,1692060.0
2026-09-01 06:00:00+00:00,2026-09-01 06:59:59.999000+00:00,0.353,0.3537,0.349,0.3513,1191655.1
2026-09-01 07:00:00+00:00,2026-09-01 07:59:59.999000+00:00,0.3513,0.3523,0.3489,0.3501,673311.7
2026-09-01 08:00:00+00:00,2026-09-01 08:59:59.999000+00:00,0.3502,0.3503,0.3442,0.3446,1206809.4
2026-09-01 09:00:00+00:00,2026-09-01 09:59:59.999000+00:00,0.3447,0.3462,0.3438,0.3453,800608.9
2026-09-01 10:00:00+00:00,2026-09-01 10:59:59.999000+00:00,0.3453,0.3499,0.3444,0.3485,916670.5
2026-09-01 11:00:00+00:00,2026-09-01 11:59:59.999000+00:00,0.3485,0.3514,0.3467,0.3493,1539564.9
2026-09-01 12:00:00+00:00,2026-09-01 12:59:59.999000+00:00,0.3494,0.3497,0.3441,0.3461,1096376.5
2026-09-01 13:00:00+00:00,2026-09-01 13:59:59.999000+00:00,0.346,0.347,0.3424,0.3466,4420080.0
2026-09-01 14:00:00+00:00,2026-09-01 14:59:59.999000+00:00,0.3467,0.3489,0.3461,0.3462,1160569.8
2026-09-01 15:00:00+00:00,2026-09-01 15:59:59.999000+00:00,0.3463,0.3476,0.3435,0.3463,783834.1
2026-09-01 16:00:00+00:00,2026-09-01 16:59:59.999000+00:00,0.3463,0.3465,0.3408,0.3435,1073571.4
2026-09-01 17:00:00+00:00,2026-09-01 17:59:59.999000+00:00,0.3435,0.3461,0.3426,0.343,561292.6
2026-09-01 18:00:00+00:00,2026-09-01 18:59:59.999000+00:00,0.3431,0.3439,0.3371,0.3433,2343141.7
2026-09-01 19:00:00+00:00,2026-09-01 19:59:59.999000+00:00,0.3434,0.3443,0.3416,0.3425,873977.5
2026-09-01 20:00:00+00:00,2026-09-01 20:59:59.999000+00:00,0.3426,0.3436,0.3412,0.3427,515089.6
2026-09-01 21:00:00+00:00,2026-09-01 21:59:59.999000+00:00,0.3427,0.343,0.3392,0.3398,657320.4
2026-09-01 22:00:00+00:00,2026-09-01 22:59:59.999000+00:00,0.3397,0.341,0.3381,0.3391,602476.2
2026-09-01 23:00:00+00:00,2026-09-01 23:59:59.999000+00:00,0.3391,0.3414,0.3384,0.3406,447249.4
2026-09-02 00:00:00+00:00,2026-09-02 00:59:59.999000+00:00,0.3407,0.3415,0.3386,0.3388,684459.6
2026-09-02 01:00:00+00:00,2026-09-02 01:59:59.999000+00:00,0.3388,0.34,0.3357,0.3372,1252764.7
2026-09-02 02:00:00+00:00,2026-09-02 02:59:59.999000+00:00,0.3372,0.3421,0.3366,0.3416,1079604.2
2026-09-02 03:00:00+00:00,2026-09-02 03:59:59.999000+00:00,0.3417,0.3442,0.3416,0.3427,814773.5
2026-09-02 04:00:00+00:00,2026-09-02 04:59:59.999000+00:00,0.3427,0.3439,0.341,0.3431,659550.0
2026-09-02 05:00:00+00:00,2026-09-02 05:59:59.999000+00:00,0.3432,0.3453,0.342,0.3441,707681.8
2026-09-02 06:00:00+00:00,2026-09-02 06:59:59.999000+00:00,0.3442,0.3446,0.3417,0.3434,600029.6
2026-09-02 07:00:00+00:00,2026-09-02 07:59:59.999000+00:00,0.3435,0.3449,0.3427,0.3427,394799.8
2026-09-02 08:00:00+00:00,2026-09-02 08:59:59.999000+00:00,0.3428,0.345,0.3399,0.3408,1856304.5
2026-09-02 09:00:00+00:00,2026-09-02 09:59:59.999000+00:00,0.3408,0.3431,0.3393,0.3407,1606312.6
2026-09-02 10:00:00+00:00,2026-09-02 10:59:59.999000+00:00,0.3406,0.3408,0.3373,0.3407,1283112.0
2026-09-02 11:00:00+00:00,2026-09-02 11:59:59.999000+00:00,0.3407,0.3419,0.339,0.3418,680063.5
2026-09-02 12:00:00+00:00,2026-09-02 12:59:59.999000+00:00,0.3418,0.3432,0.3398,0.3398,670271.1
2026-09-02 13:00:00+00:00,2026-09-02 13:59:59.999000+00:00,0.3399,0.3454,0.3392,0.3436,813791.0
2026-09-02 14:00:00+00:00,2026-09-02 14:59:59.999000+00:00,0.3436,0.3446,0.3408,0.341,726310.4
2026-09-02 15:00:00+00:00,2026-09-02 15:59:59.999000+00:00,0.3411,0.3425,0.339,0.3413,890721.8
2026-09-02 16:00:00+00:00,2026-09-02 16:59:59.999000+00:00,0.3412,0.343,0.3397,0.34,663802.2
2026-09-02 17:00:00+00:00,2026-09-02 17:59:59.999000+00:00,0.3401,0.3417,0.3383,0.3412,636161.9
2026-09-02 18:00:00+00:00,2026-09-02 18:59:59.999000+00:00,0.3412,0.3426,0.3406,0.3424,476716.3
2026-09-02 19:00:00+00:00,2026-09-02 19:59:59.999000+00:00,0.3423,0.3429,0.3409,0.3421,456560.1
2026-09-02 20:00:00+00:00,2026-09-02 20:59:59.999000+00:00,0.3422,0.3469,0.342,0.3465,1129729.2
2026-09-02 21:00:00+00:00,2026-09-02 21:59:59.999000+00:00,0.3465,0.347,0.344,0.3451,579185.7
2026-09-02 22:00:00+00:00,2026-09-02 22:59:59.999000+00:00,0.3451,0.3452,0.3425,0.3434,408317.7
2026-09-02 23:00:00+00:00,2026-09-02 23:59:59.999000+00:00,0.3435,0.3487,0.3431,0.3484,548096.0
2026-09-03 00:00:00+00:00,2026-09-03 00:59:59.999000+00:00,0.3483,0.35,0.3453,0.3472,775398.5
2026-09-03 01:00:00+00:00,2026-09-03 01:59:59.999000+00:00,0.3472,0.352,0.3458,0.3483,1417359.6
2026-09-03 02:00:00+00:00,2026-09-03 02:59:59.999000+00:00,0.3483,0.355,0.3482,0.3525,2291448.9
2026-09-03 03:00:00+00:00,2026-09-03 03:59:59.999000+00:00,0.3526,0.3527,0.349,0.3496,1030915.1
2026-09-03 04:00:00+00:00,2026-09-03 04:59:59.999000+00:00,0.3497,0.3529,0.3487,0.3529,509319.9
2026-09-03 05:00:00+00:00,2026-09-03 05:59:59.999000+00:00,0.3528,0.3533,0.3474,0.3516,1084991.4
2026-09-03 06:00:00+00:00,2026-09-03 06:59:59.999000+00:00,0.3517,0.3519,0.3501,0.3514,437784.5
2026-09-03 07:00:00+00:00,2026-09-03 07:59:59.999000+00:00,0.3514,0.3544,0.3509,0.3512,1063205.0
2026-09-03 08:00:00+00:00,2026-09-03 08:59:59.999000+00:00,0.3513,0.3539,0.3506,0.3512,693336.4
2026-09-03 09:00:00+00:00,2026-09-03 09:59:59.999000+00:00,0.3513,0.3531,0.3502,0.3518,764905.7
2026-09-03 10:00:00+00:00,2026-09-03 10:59:59.999000+00:00,0.3517,0.3556,0.3508,0.3555,1030354.1
2026-09-03 11:00:00+00:00,2026-09-03 11:59:59.999000+00:00,0.3556,0.3573,0.3539,0.3551,1840540.5
2026-09-03 12:00:00+00:00,2026-09-03 12:59:59.999000+00:00,0.355,0.3578,0.3549,0.3568,1405977.4
2026-09-03 13:00:00+00:00,2026-09-03 13:59:59.999000+00:00,0.3567,0.357,0.3541,0.3551,1190532.4
2026-09-03 14:00:00+00:00,2026-09-03 14:59:59.999000+00:00,0.3551,0.3689,0.3537,0.3688,3765751.0
2026-09-03 15:00:00+00:00,2026-09-03 15:59:59.999000+00:00,0.3688,0.3723,0.3648,0.3712,3644246.7
2026-09-03 16:00:00+00:00,2026-09-03 16:59:59.999000+00:00,0.3713,0.3718,0.3663,0.3689,2333125.9
2026-09-03 17:00:00+00:00,2026-09-03 17:59:59.999000+00:00,0.369,0.3694,0.367,0.3677,989121.8
2026-09-03 18:00:00+00:00,2026-09-03 18:59:59.999000+00:00,0.3678,0.3699,0.3669,0.3675,782903.5
2026-09-03 19:00:00+00:00,2026-09-03 19:59:59.999000+00:00,0.3675,0.3691,0.3654,0.3674,1094573.8
2026-09-03 20:00:00+00:00,2026-09-03 20:59:59.999000+00:00,0.3673,0.3687,0.3661,0.3674,647495.3
2026-09-03 21:00:00+00:00,2026-09-03 21:59:59.999000+00:00,0.3676,0.3692,0.3652,0.3654,1524227.1
2026-09-03 22:00:00+00:00,2026-09-03 22:59:59.999000+00:00,0.3654,0.3659,0.3609,0.3628,1562133.7
2026-09-03 23:00:00+00:00,2026-09-03 23:59:59.999000+00:00,0.3628,0.3634,0.3621,0.363,586459.1
2026-09-04 00:00:00+00:00,2026-09-04 00:59:59.999000+00:00,0.363,0.3651,0.3612,0.3613,833278.1
2026-09-04 01:00:00+00:00,2026-09-04 01:59:59.999000+00:00,0.3614,0.3641,0.3597,0.3636,1006888.7
2026-09-04 02:00:00+00:00,2026-09-04 02:59:59.999000+00:00,0.3636,0.365,0.3616,0.3647,591589.7
2026-09-04 03:00:00+00:00,2026-09-04 03:59:59.999000+00:00,0.3647,0.3663,0.3629,0.3634,1469755.6
2026-09-04 04:00:00+00:00,2026-09-04 04:59:59.999000+00:00,0.3634,0.3662,0.3633,0.3642,666141.4
2026-09-04 05:00:00+00:00,2026-09-04 05:59:59.999000+00:00,0.3642,0.365,0.36,0.3613,580184.6
2026-09-04 06:00:00+00:00,2026-09-04 06:59:59.999000+00:00,0.3613,0.3617,0.3587,0.361,919640.2
2026-09-04 07:00:00+00:00,2026-09-04 07:59:59.999000+00:00,0.3612,0.363,0.3601,0.3611,1327374.9
2026-09-04 08:00:00+00:00,2026-09-04 08:59:59.999000+00:00,0.3612,0.3683,0.3603,0.3681,1833385.5
2026-09-04 09:00:00+00:00,2026-09-04 09:59:59.999000+00:00,0.3681,0.3696,0.3663,0.3667,1576572.0
2026-09-04 10:00:00+00:00,2026-09-04 10:59:59.999000+00:00,0.3667,0.3674,0.3637,0.3672,1431323.1
2026-09-04 11:00:00+00:00,2026-09-04 11:59:59.999000+00:00,0.3672,0.3682,0.3659,0.3668,982471.2
2026-09-04 12:00:00+00:00,2026-09-04 12:59:59.999000+00:00,0.3669,0.3676,0.3519,0.3557,7073008.2
2026-09-04 13:00:00+00:00,2026-09-04 13:59:59.999000+00:00,0.3556,0.3611,0.3542,0.3577,2110005.0
2026-09-04 14:00:00+00:00,2026-09-04 14:59:59.999000+00:00,0.3578,0.3584,0.3495,0.3505,2007136.1
2026-09-04 15:00:00+00:00,2026-09-04 15:59:59.999000+00:00,0.3506,0.3546,0.3501,0.3538,1063856.7
2026-09-04 16:00:00+00:00,2026-09-04 16:59:59.999000+00:00,0.3537,0.3565,0.3532,0.3559,1280645.9
2026-09-04 17:00:00+00:00,2026-09-04 17:59:59.999000+00:00,0.356,0.356,0.3525,0.3527,730381.4
2026-09-04 18:00:00+00:00,2026-09-04 18:59:59.999000+00:00,0.3528,0.3558,0.3528,0.3556,587986.5
2026-09-04 19:00:00+00:00,2026-09-04 19:59:59.999000+00:00,0.3557,0.3613,0.3552,0.3583,2653280.3
2026-09-04 20:00:00+00:00,2026-09-04 20:59:59.999000+00:00,0.3584,0.3591,0.357,0.357,1045563.5
2026-09-04 21:00:00+00:00,2026-09-04 21:59:59.999000+00:00,0.357,0.3586,0.3558,0.3559,709709.9
2026-09-04 22:00:00+00:00,2026-09-04 22:59:59.999000+00:00,0.356,0.357,0.355,0.355,466110.9
2026-09-04 23:00:00+00:00,2026-09-04 23:59:59.999000+00:00,0.355,0.3576,0.3546,0.3576,417471.6
2026-09-05 00:00:00+00:00,2026-09-05 00:59:59.999000+00:00,0.3576,0.3643,0.3572,0.3641,1709355.4
2026-09-05 01:00:00+00:00,2026-09-05 01:59:59.999000+00:00,0.3641,0.3667,0.3638,0.364,1464147.0
2026-09-05 02:00:00+00:00,2026-09-05 02:59:59.999000+00:00,0.3641,0.3691,0.3627,0.3676,1951191.1
2026-09-05 03:00:00+00:00,2026-09-05 03:59:59.999000+00:00,0.3676,0.37,0.3667,0.3674,1630102.6
2026-09-05 04:00:00+00:00,2026-09-05 04:59:59.999000+00:00,0.3675,0.3765,0.3659,0.3711,4308453.7
2026-09-05 05:00:00+00:00,2026-09-05 05:59:59.999000+00:00,0.3711,0.3737,0.3701,0.373,1528323.9
2026-09-05 06:00:00+00:00,2026-09-05 06:59:59.999000+00:00,0.373,0.3745,0.3713,0.3732,1852552.4
2026-09-05 07:00:00+00:00,2026-09-05 07:59:59.999000+00:00,0.3732,0.3735,0.3692,0.3697,1949557.3
2026-09-05 08:00:00+00:00,2026-09-05 08:59:59.999000+00:00,0.3696,0.3704,0.3675,0.3687,1674295.0
2026-09-05 09:00:00+00:00,2026-09-05 09:59:59.999000+00:00,0.3688,0.3703,0.3677,0.3683,891300.0
2026-09-05 10:00:00+00:00,2026-09-05 10:59:59.999000+00:00,0.3684,0.3692,0.3673,0.3679,857070.5
2026-09-05 11:00:00+00:00,2026-09-05 11:59:59.999000+00:00,0.368,0.37,0.3675,0.3694,820729.2
2026-09-05 12:00:00+00:00,2026-09-05 12:59:59.999000+00:00,0.3695,0.3734,0.369,0.3731,1177788.2
2026-09-05 13:00:00+00:00,2026-09-05 13:59:59.999000+00:00,0.3732,0.3735,0.3687,0.3701,1028826.2
2026-09-05 14:00:00+00:00,2026-09-05 14:59:59.999000+00:00,0.3701,0.3708,0.3687,0.3691,801034.0
2026-09-05 15:00:00+00:00,2026-09-05 15:59:59.999000+00:00,0.3691,0.3697,0.3679,0.3689,976310.8
2026-09-05 16:00:00+00:00,2026-09-05 16:59:59.999000+00:00,0.3689,0.3697,0.3672,0.3691,1319065.3
2026-09-05 17:00:00+00:00,2026-09-05 17:59:59.999000+00:00,0.3691,0.3705,0.3682,0.3692,1179867.5
2026-09-05 18:00:00+00:00,2026-09-05 18:59:59.999000+00:00,0.3692,0.3702,0.3677,0.369,836623.2
2026-09-05 19:00:00+00:00,2026-09-05 19:59:59.999000+00:00,0.3691,0.3714,0.3683,0.3691,912075.0
2026-09-05 20:00:00+00:00,2026-09-05 20:59:59.999000+00:00,0.3692,0.3712,0.3691,0.3693,694770.5
2026-09-05 21:00:00+00:00,2026-09-05 21:59:59.999000+00:00,0.3694,0.3733,0.3684,0.3732,675665.7
2026-09-05 22:00:00+00:00,2026-09-05 22:59:59.999000+00:00,0.3732,0.3741,0.3694,0.3703,735900.5
2026-09-05 23:00:00+00:00,2026-09-05 23:59:59.999000+00:00,0.3702,0.3716,0.3699,0.3701,670648.5
2026-09-06 00:00:00+00:00,2026-09-06 00:59:59.999000+00:00,0.3702,0.3747,0.37,0.3738,726442.4
2026-09-06 01:00:00+00:00,2026-09-06 01:59:59.999000+00:00,0.374,0.3799,0.3735,0.3783,2194342.2
2026-09-06 02:00:00+00:00,2026-09-06 02:59:59.999000+00:00,0.3784,0.3789,0.3746,0.375,661803.4
2026-09-06 03:00:00+00:00,2026-09-06 03:59:59.999000+00:00,0.375,0.3772,0.3734,0.3766,803130.9
2026-09-06 04:00:00+00:00,2026-09-06 04:59:59.999000+00:00,0.3766,0.3773,0.3726,0.3726,888558.9
2026-09-06 05:00:00+00:00,2026-09-06 05:59:59.999000+00:00,0.3727,0.3767,0.3714,0.3767,1026000.0
2026-09-06 06:00:00+00:00,2026-09-06 06:59:59.999000+00:00,0.3767,0.3778,0.3744,0.3751,1160145.7
2026-09-06 07:00:00+00:00,2026-09-06 07:59:59.999000+00:00,0.3751,0.3767,0.3715,0.3757,1024240.7
2026-09-06 08:00:00+00:00,2026-09-06 08:59:59.999000+00:00,0.3759,0.3761,0.3731,0.3741,796265.7
2026-09-06 09:00:00+00:00,2026-09-06 09:59:59.999000+00:00,0.374,0.3774,0.3737,0.3754,1114078.3
2026-09-06 10:00:00+00:00,2026-09-06 10:59:59.999000+00:00,0.3754,0.3795,0.3746,0.3785,1003440.4
2026-09-06 11:00:00+00:00,2026-09-06 11:59:59.999000+00:00,0.3786,0.3812,0.3779,0.3799,2183101.4
2026-09-06 12:00:00+00:00,2026-09-06 12:59:59.999000+00:00,0.3799,0.3819,0.3777,0.3796,1566511.0
2026-09-06 13:00:00+00:00,2026-09-06 13:59:59.999000+00:00,0.3795,0.3807,0.3764,0.3795,1700677.4
2026-09-06 14:00:00+00:00,2026-09-06 14:59:59.999000+00:00,0.3797,0.3808,0.3713,0.3737,2110423.9
2026-09-06 15:00:00+00:00,2026-09-06 15:59:59.999000+00:00,0.3738,0.3748,0.3708,0.3743,814863.9
2026-09-06 16:00:00+00:00,2026-09-06 16:59:59.999000+00:00,0.3744,0.3788,0.3736,0.3787,1144265.5
2026-09-06 17:00:00+00:00,2026-09-06 17:59:59.999000+00:00,0.3787,0.3803,0.3769,0.3783,1710274.9
2026-09-06 18:00:00+00:00,2026-09-06 18:59:59.999000+00:00,0.3784,0.3796,0.3771,0.3783,639010.4
2026-09-06 19:00:00+00:00,2026-09-06 19:59:59.999000+00:00,0.3783,0.3786,0.3769,0.3776,537703.6
2026-09-06 20:00:00+00:00,2026-09-06 20:59:59.999000+00:00,0.3776,0.3801,0.3769,0.3788,764152.2
2026-09-06 21:00:00+00:00,2026-09-06 21:59:59.999000+00:00,0.379,0.3855,0.3789,0.3823,1746279.2
2026-09-06 22:00:00+00:00,2026-09-06 22:59:59.999000+00:00,0.3824,0.3841,0.3775,0.384,1185293.2
2026-09-06 23:00:00+00:00,2026-09-06 23:59:59.999000+00:00,0.384,0.3885,0.3834,0.3876,1908415.4
2026-09-07 00:00:00+00:00,2026-09-07 00:59:59.999000+00:00,0.3875,0.3953,0.3864,0.3889,4314684.6
2026-09-07 01:00:00+00:00,2026-09-07 01:59:59.999000+00:00,0.389,0.389,0.3801,0.3823,2173773.9
2026-09-07 02:00:00+00:00,2026-09-07 02:59:59.999000+00:00,0.3822,0.3913,0.379,0.3871,2170080.1
2026-09-07 03:00:00+00:00,2026-09-07 03:59:59.999000+00:00,0.3872,0.389,0.3812,0.3813,1448094.9
2026-09-07 04:00:00+00:00,2026-09-07 04:59:59.999000+00:00,0.3815,0.3858,0.3811,0.3826,1598618.7
2026-09-07 05:00:00+00:00,2026-09-07 05:59:59.999000+00:00,0.3826,0.3896,0.382,0.3856,1800585.8
2026-09-07 06:00:00+00:00,2026-09-07 06:59:59.999000+00:00,0.3855,0.3885,0.3837,0.3853,1801743.3
2026-09-07 07:00:00+00:00,2026-09-07 07:59:59.999000+00:00,0.3853,0.3875,0.3782,0.382,2357572.2
2026-09-07 08:00:00+00:00,2026-09-07 08:59:59.999000+00:00,0.382,0.3936,0.3819,0.391,3048169.2
2026-09-07 09:00:00+00:00,2026-09-07 09:59:59.999000+00:00,0.3912,0.3974,0.3861,0.3864,4413626.4
2026-09-07 10:00:00+00:00,2026-09-07 10:59:59.999000+00:00,0.3864,0.3889,0.3856,0.3859,935713.0
2026-09-07 11:00:00+00:00,2026-09-07 11:59:59.999000+00:00,0.3859,0.387,0.3834,0.3848,1372377.6
2026-09-07 12:00:00+00:00,2026-09-07 12:59:59.999000+00:00,0.3849,0.3937,0.3847,0.393,1664475.6
2026-09-07 13:00:00+00:00,2026-09-07 13:59:59.999000+00:00,0.3931,0.3932,0.386,0.388,1880173.0
2026-09-07 14:00:00+00:00,2026-09-07 14:59:59.999000+00:00,0.388,0.3916,0.3831,0.3881,2576654.9
2026-09-07 15:00:00+00:00,2026-09-07 15:59:59.999000+00:00,0.388,0.3909,0.3755,0.3784,5860200.1
2026-09-07 16:00:00+00:00,2026-09-07 16:59:59.999000+00:00,0.3783,0.3911,0.3781,0.3889,4118851.2
2026-09-07 17:00:00+00:00,2026-09-07 17:59:59.999000+00:00,0.389,0.3914,0.3872,0.3877,1353544.9
2026-09-07 18:00:00+00:00,2026-09-07 18:59:59.999000+00:00,0.3876,0.3885,0.3839,0.3844,1018687.6
2026-09-07 19:00:00+00:00,2026-09-07 19:59:59.999000+00:00,0.3843,0.388,0.3823,0.3873,1308853.6
2026-09-07 20:00:00+00:00,2026-09-07 20:59:59.999000+00:00,0.3872,0.3876,0.3844,0.3855,866091.5
2026-09-07 21:00:00+00:00,2026-09-07 21:59:59.999000+00:00,0.3856,0.3869,0.3826,0.3838,706250.9
2026-09-07 22:00:00+00:00,2026-09-07 22:59:59.999000+00:00,0.3837,0.3859,0.3787,0.3805,1230911.1
2026-09-07 23:00:00+00:00,2026-09-07 23:59:59.999000+00:00,0.3804,0.3847,0.3804,0.3838,691713.1
2026-09-08 00:00:00+00:00,2026-09-08 00:59:59.999000+00:00,0.3837,0.3884,0.3811,0.3883,1487279.6
2026-09-08 01:00:00+00:00,2026-09-08 01:59:59.999000+00:00,0.3882,0.3905,0.3855,0.3874,1437956.8
2026-09-08 02:00:00+00:00,2026-09-08 02:59:59.999000+00:00,0.3874,0.388,0.3796,0.3797,2536664.1
2026-09-08 03:00:00+00:00,2026-09-08 03:59:59.999000+00:00,0.3797,0.3813,0.3767,0.3794,3385804.7
2026-09-08 04:00:00+00:00,2026-09-08 04:59:59.999000+00:00,0.3793,0.3799,0.376,0.376,1118501.9
2026-09-08 05:00:00+00:00,2026-09-08 05:59:59.999000+00:00,0.376,0.3804,0.3749,0.3764,1765932.9
2026-09-08 06:00:00+00:00,2026-09-08 06:59:59.999000+00:00,0.3763,0.3768,0.3728,0.3737,1410514.2
2026-09-08 07:00:00+00:00,2026-09-08 07:59:59.999000+00:00,0.3737,0.3772,0.3727,0.3761,1318547.6
2026-09-08 08:00:00+00:00,2026-09-08 08:59:59.999000+00:00,0.376,0.3781,0.3736,0.3765,905621.6
2026-09-08 09:00:00+00:00,2026-09-08 09:59:59.999000+00:00,0.3763,0.383,0.3761,0.3823,1896838.7
2026-09-08 10:00:00+00:00,2026-09-08 10:59:59.999000+00:00,0.3822,0.3835,0.3784,0.3786,1790680.3
2026-09-08 11:00:00+00:00,2026-09-08 11:59:59.999000+00:00,0.3787,0.3788,0.374,0.3768,1519881.9
2026-09-08 12:00:00+00:00,2026-09-08 12:59:59.999000+00:00,0.3767,0.378,0.3731,0.3772,1178130.8
2026-09-08 13:00:00+00:00,2026-09-08 13:59:59.999000+00:00,0.3773,0.3781,0.3693,0.3742,2388362.5
2026-09-08 14:00:00+00:00,2026-09-08 14:59:59.999000+00:00,0.3743,0.3793,0.3733,0.3784,1065819.5
2026-09-08 15:00:00+00:00,2026-09-08 15:59:59.999000+00:00,0.3783,0.3857,0.3777,0.3856,2285002.0
2026-09-08 16:00:00+00:00,2026-09-08 16:59:59.999000+00:00,0.3856,0.3859,0.381,0.3823,1439484.6
2026-09-08 17:00:00+00:00,2026-09-08 17:59:59.999000+00:00,0.3822,0.3836,0.3731,0.3757,4586354.6
2026-09-08 18:00:00+00:00,2026-09-08 18:59:59.999000+00:00,0.3757,0.3807,0.3741,0.3755,1190341.7
2026-09-08 19:00:00+00:00,2026-09-08 19:59:59.999000+00:00,0.3756,0.3774,0.3745,0.3759,949341.8
2026-09-08 20:00:00+00:00,2026-09-08 20:59:59.999000+00:00,0.376,0.3798,0.3751,0.3755,826168.3
2026-09-08 21:00:00+00:00,2026-09-08 21:59:59.999000+00:00,0.3757,0.3769,0.3735,0.3744,777278.8
2026-09-08 22:00:00+00:00,2026-09-08 22:59:59.999000+00:00,0.3744,0.3769,0.3742,0.376,876192.9
2026-09-08 23:00:00+00:00,2026-09-08 23:59:59.999000+00:00,0.376,0.3762,0.3742,0.3747,542931.8
2026-09-09 00:00:00+00:00,2026-09-09 00:59:59.999000+00:00,0.3748,0.3775,0.3738,0.3754,722351.3
2026-09-09 01:00:00+00:00,2026-09-09 01:59:59.999000+00:00,0.3755,0.3761,0.3722,0.3741,1135992.5
2026-09-09 02:00:00+00:00,2026-09-09 02:59:59.999000+00:00,0.3741,0.3746,0.3717,0.3727,1830454.3
2026-09-09 03:00:00+00:00,2026-09-09 03:59:59.999000+00:00,0.3727,0.3729,0.3698,0.3704,2073552.1
2026-09-09 04:00:00+00:00,2026-09-09 04:59:59.999000+00:00,0.3704,0.3774,0.3704,0.3768,1564192.3
2026-09-09 05:00:00+00:00,2026-09-09 05:59:59.999000+00:00,0.3769,0.3778,0.373,0.3744,1071889.0
2026-09-09 06:00:00+00:00,2026-09-09 06:59:59.999000+00:00,0.3744,0.3788,0.3738,0.3777,1160389.8
2026-09-09 07:00:00+00:00,2026-09-09 07:59:59.999000+00:00,0.3777,0.3802,0.3776,0.379,1101987.9
2026-09-09 08:00:00+00:00,2026-09-09 08:59:59.999000+00:00,0.3791,0.3812,0.3786,0.3801,1144240.6
2026-09-09 09:00:00+00:00,2026-09-09 09:59:59.999000+00:00,0.3803,0.3803,0.3733,0.3736,1517155.1
2026-09-09 10:00:00+00:00,2026-09-09 10:59:59.999000+00:00,0.3737,0.3764,0.373,0.3762,1241247.7
2026-09-09 11:00:00+00:00,2026-09-09 11:59:59.999000+00:00,0.3761,0.3785,0.3726,0.3776,1561210.6
2026-09-09 12:00:00+00:00,2026-09-09 12:59:59.999000+00:00,0.3777,0.3797,0.3769,0.379,1109857.8
2026-09-09 13:00:00+00:00,2026-09-09 13:59:59.999000+00:00,0.3791,0.3801,0.3748,0.3764,1595148.4
2026-09-09 14:00:00+00:00,2026-09-09 14:59:59.999000+00:00,0.3764,0.3786,0.3742,0.375,1194771.0
2026-09-09 15:00:00+00:00,2026-09-09 15:59:59.999000+00:00,0.3751,0.378,0.3643,0.3691,4005683.7
2026-09-09 16:00:00+00:00,2026-09-09 16:59:59.999000+00:00,0.369,0.3725,0.3677,0.3709,1612733.4
2026-09-09 17:00:00+00:00,2026-09-09 17:59:59.999000+00:00,0.3709,0.372,0.3694,0.3709,1626577.3
2026-09-09 18:00:00+00:00,2026-09-09 18:59:59.999000+00:00,0.3711,0.3722,0.3695,0.3697,687090.7
2026-09-09 19:00:00+00:00,2026-09-09 19:59:59.999000+00:00,0.3698,0.3706,0.3649,0.365,1077788.8
2026-09-09 20:00:00+00:00,2026-09-09 20:59:59.999000+00:00,0.3651,0.3674,0.362,0.3663,1696483.0
2026-09-09 21:00:00+00:00,2026-09-09 21:59:59.999000+00:00,0.3664,0.3664,0.3594,0.3607,2349806.4
2026-09-09 22:00:00+00:00,2026-09-09 22:59:59.999000+00:00,0.3608,0.3614,0.3533,0.3557,2807507.6
2026-09-09 23:00:00+00:00,2026-09-09 23:59:59.999000+00:00,0.3558,0.3603,0.3558,0.3597,705306.9
2026-09-10 00:00:00+00:00,2026-09-10 00:59:59.999000+00:00,0.3597,0.3604,0.3552,0.3559,2179449.0
2026-09-10 01:00:00+00:00,2026-09-10 01:59:59.999000+00:00,0.3561,0.3599,0.3537,0.3561,1806570.6
2026-09-10 02:00:00+00:00,2026-09-10 02:59:59.999000+00:00,0.3562,0.36,0.3553,0.3599,1042362.0
2026-09-10 03:00:00+00:00,2026-09-10 03:59:59.999000+00:00,0.36,0.3631,0.3588,0.3595,1792315.6
2026-09-10 04:00:00+00:00,2026-09-10 04:59:59.999000+00:00,0.3595,0.3615,0.3584,0.3594,980321.3
2026-09-10 05:00:00+00:00,2026-09-10 05:59:59.999000+00:00,0.3593,0.3614,0.3578,0.3601,940476.8
2026-09-10 06:00:00+00:00,2026-09-10 06:59:59.999000+00:00,0.3601,0.3601,0.3562,0.3584,696024.6
2026-09-10 07:00:00+00:00,2026-09-10 07:59:59.999000+00:00,0.3584,0.3584,0.3526,0.3539,2048182.1
2026-09-10 08:00:00+00:00,2026-09-10 08:59:59.999000+00:00,0.3538,0.355,0.3531,0.3536,1642703.6
2026-09-10 09:00:00+00:00,2026-09-10 09:59:59.999000+00:00,0.3537,0.3551,0.3518,0.3525,1736102.3
2026-09-10 10:00:00+00:00,2026-09-10 10:59:59.999000+00:00,0.3525,0.3543,0.3518,0.3524,1076868.6
2026-09-10 11:00:00+00:00,2026-09-10 11:59:59.999000+00:00,0.3526,0.3551,0.3517,0.3526,1607624.5
2026-09-10 12:00:00+00:00,2026-09-10 12:59:59.999000+00:00,0.3526,0.3538,0.3457,0.3484,5784039.4
2026-09-10 13:00:00+00:00,2026-09-10 13:59:59.999000+00:00,0.3484,0.3519,0.3476,0.3508,4277045.0
2026-09-10 14:00:00+00:00,2026-09-10 14:59:59.999000+00:00,0.3508,0.3523,0.3481,0.3504,1906899.5
2026-09-10 15:00:00+00:00,2026-09-10 15:59:59.999000+00:00,0.3504,0.3507,0.3478,0.3485,1301369.8
2026-09-10 16:00:00+00:00,2026-09-10 16:59:59.999000+00:00,0.3484,0.349,0.3429,0.3471,3333391.0
2026-09-10 17:00:00+00:00,2026-09-10 17:59:59.999000+00:00,0.3471,0.3516,0.3464,0.3495,2000989.3
2026-09-10 18:00:00+00:00,2026-09-10 18:59:59.999000+00:00,0.3496,0.3498,0.347,0.3497,538398.4
2026-09-10 19:00:00+00:00,2026-09-10 19:59:59.999000+00:00,0.3497,0.3497,0.3468,0.347,947057.3
2026-09-10 20:00:00+00:00,2026-09-10 20:59:59.999000+00:00,0.3471,0.3493,0.3469,0.3481,309799.0
2026-09-10 21:00:00+00:00,2026-09-10 21:59:59.999000+00:00,0.3483,0.3493,0.3466,0.347,328890.8
2026-09-10 22:00:00+00:00,2026-09-10 22:59:59.999000+00:00,0.347,0.3497,0.3446,0.3448,5539635.7
2026-09-10 23:00:00+00:00,2026-09-10 23:59:59.999000+00:00,0.3449,0.3453,0.3421,0.3426,1197009.6
2026-09-11 00:00:00+00:00,2026-09-11 00:59:59.999000+00:00,0.3428,0.3462,0.3428,0.3459,859370.4
2026-09-11 01:00:00+00:00,2026-09-11 01:59:59.999000+00:00,0.3458,0.3474,0.3444,0.3466,690119.0
2026-09-11 02:00:00+00:00,2026-09-11 02:59:59.999000+00:00,0.3466,0.3467,0.3439,0.3459,415197.4
2026-09-11 03:00:00+00:00,2026-09-11 03:59:59.999000+00:00,0.3459,0.3485,0.3448,0.3477,760436.9
2026-09-11 04:00:00+00:00,2026-09-11 04:59:59.999000+00:00,0.3477,0.3509,0.3474,0.3504,595639.2
2026-09-11 05:00:00+00:00,2026-09-11 05:59:59.999000+00:00,0.3505,0.3514,0.35,0.3512,709312.4
2026-09-11 06:00:00+00:00,2026-09-11 06:59:59.999000+00:00,0.3513,0.3516,0.3497,0.3502,546380.7
2026-09-11 07:00:00+00:00,2026-09-11 07:59:59.999000+00:00,0.3502,0.3523,0.3492,0.3494,620652.0
2026-09-11 08:00:00+00:00,2026-09-11 08:59:59.999000+00:00,0.3495,0.3525,0.3486,0.3515,432656.9
2026-09-11 09:00:00+00:00,2026-09-11 09:59:59.999000+00:00,0.3515,0.3518,0.3477,0.3486,628442.7
2026-09-11 10:00:00+00:00,2026-09-11 10:59:59.999000+00:00,0.3486,0.3501,0.3462,0.3462,727247.9
2026-09-11 11:00:00+00:00,2026-09-11 11:59:59.999000+00:00,0.3461,0.348,0.344,0.3473,971798.3
2026-09-11 12:00:00+00:00,2026-09-11 12:59:59.999000+00:00,0.3473,0.3589,0.3431,0.3573,4362747.5
2026-09-11 13:00:00+00:00,2026-09-11 13:59:59.999000+00:00,0.3574,0.3674,0.3525,0.3665,2559026.4
2026-09-11 14:00:00+00:00,2026-09-11 14:59:59.999000+00:00,0.3667,0.369,0.3595,0.3625,3242073.6
2026-09-11 15:00:00+00:00,2026-09-11 15:59:59.999000+00:00,0.3624,0.3645,0.3532,0.3559,2758540.8
2026-09-11 16:00:00+00:00,2026-09-11 16:59:59.999000+00:00,0.3558,0.3599,0.3547,0.3587,1413761.4
2026-09-11 17:00:00+00:00,2026-09-11 17:59:59.999000+00:00,0.3587,0.3602,0.3555,0.3562,747160.7
2026-09-11 18:00:00+00:00,2026-09-11 18:59:59.999000+00:00,0.3563,0.3569,0.3492,0.3502,2125789.5
2026-09-11 19:00:00+00:00,2026-09-11 19:59:59.999000+00:00,0.3503,0.3533,0.3491,0.3525,683023.9
2026-09-11 20:00:00+00:00,2026-09-11 20:59:59.999000+00:00,0.3525,0.3547,0.3506,0.3523,783617.1
2026-09-11 21:00:00+00:00,2026-09-11 21:59:59.999000+00:00,0.3522,0.3544,0.3485,0.3488,729292.7
2026-09-11 22:00:00+00:00,2026-09-11 22:59:59.999000+00:00,0.3488,0.35,0.3464,0.3477,852417.6
2026-09-11 23:00:00+00:00,2026-09-11 23:59:59.999000+00:00,0.3476,0.3507,0.3475,0.3506,325078.8
2026-09-12 00:00:00+00:00,2026-09-12 00:59:59.999000+00:00,0.3506,0.351,0.3495,0.35,368817.2
2026-09-12 01:00:00+00:00,2026-09-12 01:59:59.999000+00:00,0.3498,0.352,0.3498,0.3507,526270.1
2026-09-12 02:00:00+00:00,2026-09-12 02:59:59.999000+00:00,0.3507,0.3519,0.3504,0.3514,577054.7
2026-09-12 03:00:00+00:00,2026-09-12 03:59:59.999000+00:00,0.3513,0.3521,0.3497,0.3504,713301.4
2026-09-12 04:00:00+00:00,2026-09-12 04:59:59.999000+00:00,0.3505,0.3513,0.3495,0.3506,510141.8
2026-09-12 05:00:00+00:00,2026-09-12 05:59:59.999000+00:00,0.3506,0.3512,0.3493,0.3494,408913.5
2026-09-12 06:00:00+00:00,2026-09-12 06:59:59.999000+00:00,0.3495,0.3509,0.3487,0.3497,415716.6
2026-09-12 07:00:00+00:00,2026-09-12 07:59:59.999000+00:00,0.3498,0.3521,0.3497,0.3518,280756.9
2026-09-12 08:00:00+00:00,2026-09-12 08:59:59.999000+00:00,0.3518,0.3531,0.3511,0.3516,668598.9
2026-09-12 09:00:00+00:00,2026-09-12 09:59:59.999000+00:00,0.3518,0.3522,0.3506,0.3515,500608.2
2026-09-12 10:00:00+00:00,2026-09-12 10:59:59.999000+00:00,0.3515,0.3524,0.3513,0.3522,462890.7
2026-09-12 11:00:00+00:00,2026-09-12 11:59:59.999000+00:00,0.3523,0.3534,0.3515,0.3526,485572.5
2026-09-12 12:00:00+00:00,2026-09-12 12:59:59.999000+00:00,0.3526,0.3528,0.351,0.3512,407236.0
2026-09-12 13:00:00+00:00,2026-09-12 13:59:59.999000+00:00,0.3513,0.352,0.3494,0.3503,622930.7
2026-09-12 14:00:00+00:00,2026-09-12 14:59:59.999000+00:00,0.3502,0.3509,0.3493,0.3507,531693.5
2026-09-12 15:00:00+00:00,2026-09-12 15:59:59.999000+00:00,0.3507,0.3536,0.3505,0.3535,2082889.5
2026-09-12 16:00:00+00:00,2026-09-12 16:59:59.999000+00:00,0.3533,0.3536,0.3512,0.3515,1845619.7
2026-09-12 17:00:00+00:00,2026-09-12 17:59:59.999000+00:00,0.3516,0.3517,0.3499,0.3503,2767985.6
2026-09-12 18:00:00+00:00,2026-09-12 18:59:59.999000+00:00,0.3503,0.3504,0.3481,0.3483,699354.9
2026-09-12 19:00:00+00:00,2026-09-12 19:59:59.999000+00:00,0.3483,0.349,0.3467,0.3477,958861.8
2026-09-12 20:00:00+00:00,2026-09-12 20:59:59.999000+00:00,0.3478,0.3489,0.3476,0.3477,436361.9
2026-09-12 21:00:00+00:00,2026-09-12 21:59:59.999000+00:00,0.3477,0.349,0.3476,0.3481,429201.9
2026-09-12 22:00:00+00:00,2026-09-12 22:59:59.999000+00:00,0.3481,0.3488,0.3476,0.3478,654140.2
2026-09-12 23:00:00+00:00,2026-09-12 23:59:59.999000+00:00,0.3478,0.349,0.3478,0.3487,272044.3
2026-09-13 00:00:00+00:00,2026-09-13 00:59:59.999000+00:00,0.3487,0.3497,0.3482,0.3486,288621.2
2026-09-13 01:00:00+00:00,2026-09-13 01:59:59.999000+00:00,0.3485,0.3507,0.3485,0.3488,2998544.9
2026-09-13 02:00:00+00:00,2026-09-13 02:59:59.999000+00:00,0.3488,0.3489,0.3472,0.348,3141790.8
2026-09-13 03:00:00+00:00,2026-09-13 03:59:59.999000+00:00,0.3481,0.3487,0.3465,0.3466,788074.4
2026-09-13 04:00:00+00:00,2026-09-13 04:59:59.999000+00:00,0.3466,0.3481,0.3465,0.3471,418140.7
2026-09-13 05:00:00+00:00,2026-09-13 05:59:59.999000+00:00,0.3471,0.348,0.347,0.3475,357092.3
2026-09-13 06:00:00+00:00,2026-09-13 06:59:59.999000+00:00,0.3476,0.3476,0.3449,0.3459,919045.9
2026-09-13 07:00:00+00:00,2026-09-13 07:59:59.999000+00:00,0.3458,0.3465,0.3448,0.3454,483362.1
2026-09-13 08:00:00+00:00,2026-09-13 08:59:59.999000+00:00,0.3453,0.3457,0.3418,0.3425,1531650.0
2026-09-13 09:00:00+00:00,2026-09-13 09:59:59.999000+00:00,0.3425,0.3446,0.3411,0.3442,736334.0
2026-09-13 10:00:00+00:00,2026-09-13 10:59:59.999000+00:00,0.3441,0.3447,0.3427,0.3431,352790.8
2026-09-13 11:00:00+00:00,2026-09-13 11:59:59.999000+00:00,0.3432,0.3443,0.3426,0.3439,412280.5
2026-09-13 12:00:00+00:00,2026-09-13 12:59:59.999000+00:00,0.3439,0.3446,0.3434,0.3443,347220.0
2026-09-13 13:00:00+00:00,2026-09-13 13:59:59.999000+00:00,0.3443,0.3475,0.342,0.3463,801952.4
2026-09-13 14:00:00+00:00,2026-09-13 14:59:59.999000+00:00,0.3464,0.3491,0.3461,0.3475,802905.0
2026-09-13 15:00:00+00:00,2026-09-13 15:59:59.999000+00:00,0.3476,0.3476,0.3444,0.3446,387489.2
2026-09-13 16:00:00+00:00,2026-09-13 16:59:59.999000+00:00,0.3446,0.347,0.3446,0.3468,495829.5
2026-09-13 17:00:00+00:00,2026-09-13 17:59:59.999000+00:00,0.3468,0.3496,0.3463,0.3489,388653.4
2026-09-13 18:00:00+00:00,2026-09-13 18:59:59.999000+00:00,0.3489,0.3529,0.3487,0.3522,853481.5
2026-09-13 19:00:00+00:00,2026-09-13 19:59:59.999000+00:00,0.3522,0.353,0.3492,0.35,595552.8
2026-09-13 20:00:00+00:00,2026-09-13 20:59:59.999000+00:00,0.3501,0.3516,0.3501,0.3516,537843.4
2026-09-13 21:00:00+00:00,2026-09-13 21:59:59.999000+00:00,0.3517,0.3519,0.3502,0.3504,497999.1
2026-09-13 22:00:00+00:00,2026-09-13 22:59:59.999000+00:00,0.3504,0.3504,0.3421,0.3426,1079203.2
2026-09-13 23:00:00+00:00,2026-09-13 23:59:59.999000+00:00,0.3427,0.3445,0.342,0.3426,548989.6
2026-09-14 00:00:00+00:00,2026-09-14 00:59:59.999000+00:00,0.3427,0.3454,0.3393,0.3431,1578538.9
2026-09-14 01:00:00+00:00,2026-09-14 01:59:59.999000+00:00,0.343,0.3458,0.3414,0.3455,946696.4
2026-09-14 02:00:00+00:00,2026-09-14 02:59:59.999000+00:00,0.3454,0.3499,0.3443,0.3491,862204.1
2026-09-14 03:00:00+00:00,2026-09-14 03:59:59.999000+00:00,0.3492,0.3542,0.349,0.353,1857523.3
2026-09-14 04:00:00+00:00,2026-09-14 04:59:59.999000+00:00,0.3529,0.3544,0.3513,0.3519,1181933.9
2026-09-14 05:00:00+00:00,2026-09-14 05:59:59.999000+00:00,0.352,0.3532,0.3511,0.3527,804941.9
2026-09-14 06:00:00+00:00,2026-09-14 06:59:59.999000+00:00,0.3528,0.357,0.3525,0.356,1780300.5
2026-09-14 07:00:00+00:00,2026-09-14 07:59:59.999000+00:00,0.3559,0.3583,0.3552,0.3559,2011406.1
2026-09-14 08:00:00+00:00,2026-09-14 08:59:59.999000+00:00,0.3559,0.3571,0.3533,0.3543,1250997.5
2026-09-14 09:00:00+00:00,2026-09-14 09:59:59.999000+00:00,0.3544,0.3587,0.3526,0.3573,1705228.9
2026-09-14 10:00:00+00:00,2026-09-14 10:59:59.999000+00:00,0.3574,0.3581,0.355,0.356,1541007.3
2026-09-14 11:00:00+00:00,2026-09-14 11:59:59.999000+00:00,0.356,0.3569,0.3536,0.3542,1060096.5
2026-09-14 12:00:00+00:00,2026-09-14 12:59:59.999000+00:00,0.3542,0.3551,0.3504,0.3509,1368192.0
2026-09-14 13:00:00+00:00,2026-09-14 13:59:59.999000+00:00,0.3509,0.3557,0.3485,0.3517,1699207.4
2026-09-14 14:00:00+00:00,2026-09-14 14:59:59.999000+00:00,0.3516,0.3552,0.3503,0.3514,1372206.3
2026-09-14 15:00:00+00:00,2026-09-14 15:59:59.999000+00:00,0.3513,0.3528,0.3496,0.3522,1082275.2
2026-09-14 16:00:00+00:00,2026-09-14 16:59:59.999000+00:00,0.3521,0.3565,0.3514,0.355,1247080.2
2026-09-14 17:00:00+00:00,2026-09-14 17:59:59.999000+00:00,0.355,0.3585,0.3547,0.3574,1637131.9
2026-09-14 18:00:00+00:00,2026-09-14 18:59:59.999000+00:00,0.3574,0.3611,0.3568,0.3597,1139439.8
2026-09-14 19:00:00+00:00,2026-09-14 19:59:59.999000+00:00,0.3597,0.3603,0.3574,0.3589,1643396.4
2026-09-14 20:00:00+00:00,2026-09-14 20:59:59.999000+00:00,0.359,0.3652,0.359,0.3611,2058062.3
2026-09-14 21:00:00+00:00,2026-09-14 21:59:59.999000+00:00,0.3611,0.3611,0.3577,0.358,1338057.2
2026-09-14 22:00:00+00:00,2026-09-14 22:59:59.999000+00:00,0.3581,0.3608,0.3558,0.3558,1139019.0
2026-09-14 23:00:00+00:00,2026-09-14 23:59:59.999000+00:00,0.3558,0.3563,0.3541,0.3548,544052.4
2026-09-15 00:00:00+00:00,2026-09-15 00:59:59.999000+00:00,0.3548,0.355,0.3531,0.3537,599904.6
2026-09-15 01:00:00+00:00,2026-09-15 01:59:59.999000+00:00,0.3537,0.355,0.3529,0.3541,843333.7
2026-09-15 02:00:00+00:00,2026-09-15 02:59:59.999000+00:00,0.3541,0.3546,0.3532,0.3537,384843.9
2026-09-15 03:00:00+00:00,2026-09-15 03:59:59.999000+00:00,0.3537,0.3537,0.3507,0.3522,639480.5
2026-09-15 04:00:00+00:00,2026-09-15 04:59:59.999000+00:00,0.3521,0.3525,0.3505,0.3513,778682.7
2026-09-15 05:00:00+00:00,2026-09-15 05:59:59.999000+00:00,0.3513,0.3536,0.3495,0.353,692751.0
2026-09-15 06:00:00+00:00,2026-09-15 06:59:59.999000+00:00,0.3531,0.3537,0.3496,0.3501,852313.6
2026-09-15 07:00:00+00:00,2026-09-15 07:59:59.999000+00:00,0.3501,0.351,0.3462,0.3467,1043400.1
2026-09-15 08:00:00+00:00,2026-09-15 08:59:59.999000+00:00,0.3468,0.3487,0.346,0.3487,764253.9
2026-09-15 09:00:00+00:00,2026-09-15 09:59:59.999000+00:00,0.3486,0.35,0.3476,0.3487,621450.7
2026-09-15 10:00:00+00:00,2026-09-15 10:59:59.999000+00:00,0.3486,0.3494,0.3475,0.3492,551228.0
2026-09-15 11:00:00+00:00,2026-09-15 11:59:59.999000+00:00,0.3492,0.3494,0.3458,0.3472,508970.5
2026-09-15 12:00:00+00:00,2026-09-15 12:59:59.999000+00:00,0.3473,0.3502,0.3469,0.3494,956767.3
2026-09-15 13:00:00+00:00,2026-09-15 13:59:59.999000+00:00,0.3493,0.3528,0.3445,0.3478,1813416.3
2026-09-15 14:00:00+00:00,2026-09-15 14:59:59.999000+00:00,0.3478,0.3484,0.337,0.3397,2826666.1
2026-09-15 15:00:00+00:00,2026-09-15 15:59:59.999000+00:00,0.3398,0.3457,0.3396,0.343,1618012.6
2026-09-15 16:00:00+00:00,2026-09-15 16:59:59.999000+00:00,0.343,0.3437,0.3405,0.341,1006075.3
2026-09-15 17:00:00+00:00,2026-09-15 17:59:59.999000+00:00,0.341,0.3469,0.3392,0.3438,1017211.7
2026-09-15 18:00:00+00:00,2026-09-15 18:59:59.999000+00:00,0.3437,0.3455,0.3277,0.338,7637076.4
2026-09-15 19:00:00+00:00,2026-09-15 19:59:59.999000+00:00,0.338,0.3391,0.3331,0.3349,2947497.9
2026-09-15 20:00:00+00:00,2026-09-15 20:59:59.999000+00:00,0.3349,0.3356,0.3292,0.3323,1389200.7
2026-09-15 21:00:00+00:00,2026-09-15 21:59:59.999000+00:00,0.3322,0.3324,0.327,0.3273,1350744.6
2026-09-15 22:00:00+00:00,2026-09-15 22:59:59.999000+00:00,0.3274,0.3295,0.3256,0.3289,1430329.6
2026-09-15 23:00:00+00:00,2026-09-15 23:59:59.999000+00:00,0.3288,0.3315,0.3279,0.3282,1453287.0
2026-09-16 00:00:00+00:00,2026-09-16 00:59:59.999000+00:00,0.3284,0.3295,0.327,0.3271,1143130.8
2026-09-16 01:00:00+00:00,2026-09-16 01:59:59.999000+00:00,0.3271,0.3289,0.3235,0.3235,1859770.4
2026-09-16 02:00:00+00:00,2026-09-16 02:59:59.999000+00:00,0.3236,0.3292,0.323,0.3279,1697183.7
2026-09-16 03:00:00+00:00,2026-09-16 03:59:59.999000+00:00,0.328,0.3296,0.3268,0.3281,1319810.1
2026-09-16 04:00:00+00:00,2026-09-16 04:59:59.999000+00:00,0.3282,0.3307,0.3281,0.3291,695749.4
2026-09-16 05:00:00+00:00,2026-09-16 05:59:59.999000+00:00,0.3291,0.3293,0.3269,0.3278,1540487.7
2026-09-16 06:00:00+00:00,2026-09-16 06:59:59.999000+00:00,0.3279,0.329,0.3264,0.3289,991280.8
2026-09-16 07:00:00+00:00,2026-09-16 07:59:59.999000+00:00,0.3289,0.3305,0.3261,0.3263,1038000.4
2026-09-16 08:00:00+00:00,2026-09-16 08:59:59.999000+00:00,0.3263,0.327,0.3239,0.3255,1984227.6
2026-09-16 09:00:00+00:00,2026-09-16 09:59:59.999000+00:00,0.3256,0.328,0.3254,0.3276,1056741.8
2026-09-16 10:00:00+00:00,2026-09-16 10:59:59.999000+00:00,0.3277,0.3278,0.3263,0.3273,795896.3
2026-09-16 11:00:00+00:00,2026-09-16 11:59:59.999000+00:00,0.3272,0.3301,0.3264,0.3291,1425300.5
2026-09-16 12:00:00+00:00,2026-09-16 12:59:59.999000+00:00,0.3291,0.3295,0.3252,0.3267,1746583.5
2026-09-16 13:00:00+00:00,2026-09-16 13:59:59.999000+00:00,0.3266,0.3315,0.3241,0.3295,2095197.7
2026-09-16 14:00:00+00:00,2026-09-16 14:59:59.999000+00:00,0.3296,0.3335,0.3272,0.3299,2426927.5
2026-09-16 15:00:00+00:00,2026-09-16 15:59:59.999000+00:00,0.3299,0.3319,0.3267,0.3276,1195541.3
2026-09-16 16:00:00+00:00,2026-09-16 16:59:59.999000+00:00,0.3277,0.3309,0.3275,0.3303,1111049.4
2026-09-16 17:00:00+00:00,2026-09-16 17:59:59.999000+00:00,0.3302,0.3313,0.3269,0.3306,1645634.3
2026-09-16 18:00:00+00:00,2026-09-16 18:59:59.999000+00:00,0.3305,0.34,0.3279,0.3364,4621732.5
2026-09-16 19:00:00+00:00,2026-09-16 19:59:59.999000+00:00,0.3365,0.3414,0.3316,0.3383,2570350.9
2026-09-16 20:00:00+00:00,2026-09-16 20:59:59.999000+00:00,0.3385,0.3421,0.3376,0.3405,1611812.3
2026-09-16 21:00:00+00:00,2026-09-16 21:59:59.999000+00:00,0.3404,0.3414,0.3385,0.3403,1187224.1
2026-09-16 22:00:00+00:00,2026-09-16 22:59:59.999000+00:00,0.3405,0.3406,0.3367,0.3367,783481.6
2026-09-16 23:00:00+00:00,2026-09-16 23:59:59.999000+00:00,0.3368,0.3493,0.3362,0.3475,2871266.8
2026-09-17 00:00:00+00:00,2026-09-17 00:59:59.999000+00:00,0.3475,0.3542,0.3472,0.3513,3814282.9
2026-09-17 01:00:00+00:00,2026-09-17 01:59:59.999000+00:00,0.3514,0.3559,0.3492,0.3529,3055224.5
2026-09-17 02:00:00+00:00,2026-09-17 02:59:59.999000+00:00,0.353,0.3544,0.3497,0.3511,1655038.2
2026-09-17 03:00:00+00:00,2026-09-17 03:59:59.999000+00:00,0.3512,0.3526,0.3497,0.3506,1401215.8
2026-09-17 04:00:00+00:00,2026-09-17 04:59:59.999000+00:00,0.3506,0.3514,0.3466,0.3508,1484278.4
2026-09-17 05:00:00+00:00,2026-09-17 05:59:59.999000+00:00,0.3508,0.352,0.3489,0.3497,987859.5
2026-09-17 06:00:00+00:00,2026-09-17 06:59:59.999000+00:00,0.3497,0.354,0.3497,0.352,2209603.9
2026-09-17 07:00:00+00:00,2026-09-17 07:59:59.999000+00:00,0.3519,0.3548,0.3518,0.3522,1602462.4
2026-09-17 08:00:00+00:00,2026-09-17 08:59:59.999000+00:00,0.3523,0.354,0.3514,0.3532,2086006.0
2026-09-17 09:00:00+00:00,2026-09-17 09:59:59.999000+00:00,0.3533,0.355,0.3506,0.3506,1477164.5
2026-09-17 10:00:00+00:00,2026-09-17 10:59:59.999000+00:00,0.3506,0.3516,0.3491,0.3497,2000637.1
2026-09-17 11:00:00+00:00,2026-09-17 11:59:59.999000+00:00,0.3497,0.351,0.3476,0.3502,710140.5
2026-09-17 12:00:00+00:00,2026-09-17 12:59:59.999000+00:00,0.3503,0.3748,0.3497,0.3652,9240744.0
2026-09-17 13:00:00+00:00,2026-09-17 13:59:59.999000+00:00,0.3652,0.3719,0.3596,0.3706,13084131.8
2026-09-17 14:00:00+00:00,2026-09-17 14:59:59.999000+00:00,0.3707,0.3791,0.3675,0.3679,9035978.7
2026-09-17 15:00:00+00:00,2026-09-17 15:59:59.999000+00:00,0.3679,0.3745,0.3659,0.3728,3839338.2
2026-09-17 16:00:00+00:00,2026-09-17 16:59:59.999000+00:00,0.3729,0.374,0.3675,0.3703,3975683.3
2026-09-17 17:00:00+00:00,2026-09-17 17:59:59.999000+00:00,0.3705,0.3795,0.3705,0.3763,4049031.5
2026-09-17 18:00:00+00:00,2026-09-17 18:59:59.999000+00:00,0.3764,0.3799,0.375,0.375,2931301.0
2026-09-17 19:00:00+00:00,2026-09-17 19:59:59.999000+00:00,0.375,0.3767,0.3732,0.3743,1311936.7
2026-09-17 20:00:00+00:00,2026-09-17 20:59:59.999000+00:00,0.3743,0.3758,0.3729,0.3744,1416643.1
2026-09-17 21:00:00+00:00,2026-09-17 21:59:59.999000+00:00,0.3745,0.3752,0.3684,0.3691,1327301.1
2026-09-17 22:00:00+00:00,2026-09-17 22:59:59.999000+00:00,0.369,0.3724,0.366,0.371,1997439.6
2026-09-17 23:00:00+00:00,2026-09-17 23:59:59.999000+00:00,0.3709,0.373,0.3704,0.3723,938399.8
2026-09-18 00:00:00+00:00,2026-09-18 00:59:59.999000+00:00,0.3723,0.3839,0.3723,0.3838,3257129.6
2026-09-18 01:00:00+00:00,2026-09-18 01:59:59.999000+00:00,0.3837,0.3901,0.3833,0.3856,5284367.2
2026-09-18 02:00:00+00:00,2026-09-18 02:59:59.999000+00:00,0.3858,0.3887,0.3836,0.3871,2827165.6
2026-09-18 03:00:00+00:00,2026-09-18 03:59:59.999000+00:00,0.3869,0.3964,0.3865,0.3889,7947765.0
2026-09-18 04:00:00+00:00,2026-09-18 04:59:59.999000+00:00,0.3889,0.3911,0.3844,0.3896,3812377.6
2026-09-18 05:00:00+00:00,2026-09-18 05:59:59.999000+00:00,0.3897,0.3897,0.3797,0.3855,3889036.8
2026-09-18 06:00:00+00:00,2026-09-18 06:59:59.999000+00:00,0.3854,0.3873,0.3826,0.3859,2099096.1
2026-09-18 07:00:00+00:00,2026-09-18 07:59:59.999000+00:00,0.386,0.3876,0.384,0.3847,2985907.7
2026-09-18 08:00:00+00:00,2026-09-18 08:59:59.999000+00:00,0.3847,0.39,0.383,0.3887,2047144.9
2026-09-18 09:00:00+00:00,2026-09-18 09:59:59.999000+00:00,0.3886,0.3898,0.3853,0.3895,2383637.0
2026-09-18 10:00:00+00:00,2026-09-18 10:59:59.999000+00:00,0.3894,0.3939,0.389,0.3897,2795795.7
2026-09-18 11:00:00+00:00,2026-09-18 11:59:59.999000+00:00,0.3898,0.3932,0.3837,0.3911,2772904.0
2026-09-18 12:00:00+00:00,2026-09-18 12:59:59.999000+00:00,0.391,0.3997,0.3892,0.3952,5527333.2
2026-09-18 13:00:00+00:00,2026-09-18 13:59:59.999000+00:00,0.3952,0.4024,0.3916,0.3946,6071850.7
2026-09-18 14:00:00+00:00,2026-09-18 14:59:59.999000+00:00,0.3945,0.4002,0.3926,0.3997,5105953.0
2026-09-18 15:00:00+00:00,2026-09-18 15:59:59.999000+00:00,0.3997,0.3997,0.3924,0.3966,4386542.0
2026-09-18 16:00:00+00:00,2026-09-18 16:59:59.999000+00:00,0.3966,0.4003,0.3956,0.3972,3941579.1
2026-09-18 17:00:00+00:00,2026-09-18 17:59:59.999000+00:00,0.3971,0.4028,0.3951,0.3993,3322825.8
2026-09-18 18:00:00+00:00,2026-09-18 18:59:59.999000+00:00,0.3992,0.4007,0.3956,0.3959,2486597.7
2026-09-18 19:00:00+00:00,2026-09-18 19:59:59.999000+00:00,0.396,0.4001,0.3958,0.3983,2015586.6
2026-09-18 20:00:00+00:00,2026-09-18 20:59:59.999000+00:00,0.3982,0.3996,0.3955,0.3982,2078900.0
2026-09-18 21:00:00+00:00,2026-09-18 21:59:59.999000+00:00,0.3982,0.4028,0.3976,0.4002,1889394.9
2026-09-18 22:00:00+00:00,2026-09-18 22:59:59.999000+00:00,0.4003,0.4007,0.3945,0.3973,1931518.6
2026-09-18 23:00:00+00:00,2026-09-18 23:59:59.999000+00:00,0.3973,0.3998,0.3966,0.3987,1048078.3
2026-09-19 00:00:00+00:00,2026-09-19 00:59:59.999000+00:00,0.3987,0.4049,0.3987,0.4025,2843508.8
2026-09-19 01:00:00+00:00,2026-09-19 01:59:59.999000+00:00,0.4026,0.4038,0.3953,0.4037,2085950.6
2026-09-19 02:00:00+00:00,2026-09-19 02:59:59.999000+00:00,0.4038,0.4153,0.4033,0.4081,5030799.9
2026-09-19 03:00:00+00:00,2026-09-19 03:59:59.999000+00:00,0.4081,0.4107,0.4052,0.4079,2278003.5
2026-09-19 04:00:00+00:00,2026-09-19 04:59:59.999000+00:00,0.4078,0.4112,0.4014,0.4031,1989775.4
2026-09-19 05:00:00+00:00,2026-09-19 05:59:59.999000+00:00,0.403,0.4056,0.3984,0.3997,2361400.9
2026-09-19 06:00:00+00:00,2026-09-19 06:59:59.999000+00:00,0.3996,0.4011,0.3934,0.3987,2319104.3
2026-09-19 07:00:00+00:00,2026-09-19 07:59:59.999000+00:00,0.3986,0.3994,0.3944,0.3945,1093231.4
2026-09-19 08:00:00+00:00,2026-09-19 08:59:59.999000+00:00,0.3947,0.4037,0.3937,0.4017,1370136.4
2026-09-19 09:00:00+00:00,2026-09-19 09:59:59.999000+00:00,0.4016,0.4072,0.401,0.4062,2589785.9
2026-09-19 10:00:00+00:00,2026-09-19 10:59:59.999000+00:00,0.4061,0.4099,0.4041,0.4055,1460773.9
2026-09-19 11:00:00+00:00,2026-09-19 11:59:59.999000+00:00,0.4053,0.4154,0.4053,0.4094,3600683.8
2026-09-19 12:00:00+00:00,2026-09-19 12:59:59.999000+00:00,0.4093,0.4275,0.4089,0.4261,8498122.4
2026-09-19 13:00:00+00:00,2026-09-19 13:59:59.999000+00:00,0.4261,0.427,0.4168,0.4254,6281493.5
2026-09-19 14:00:00+00:00,2026-09-19 14:59:59.999000+00:00,0.4253,0.4393,0.423,0.4362,7600201.2
2026-09-19 15:00:00+00:00,2026-09-19 15:59:59.999000+00:00,0.4362,0.4434,0.431,0.4346,9496105.5
2026-09-19 16:00:00+00:00,2026-09-19 16:59:59.999000+00:00,0.4347,0.4397,0.428,0.439,3473032.7
2026-09-19 17:00:00+00:00,2026-09-19 17:59:59.999000+00:00,0.4392,0.4405,0.4314,0.4352,3855007.2
2026-09-19 18:00:00+00:00,2026-09-19 18:59:59.999000+00:00,0.4353,0.4368,0.4289,0.4314,2439419.2
2026-09-19 19:00:00+00:00,2026-09-19 19:59:59.999000+00:00,0.4315,0.4344,0.4237,0.4248,1957432.5
2026-09-19 20:00:00+00:00,2026-09-19 20:59:59.999000+00:00,0.4248,0.4269,0.4161,0.417,2933416.1
2026-09-19 21:00:00+00:00,2026-09-19 21:59:59.999000+00:00,0.4172,0.4191,0.4138,0.4148,2239575.2
2026-09-19 22:00:00+00:00,2026-09-19 22:59:59.999000+00:00,0.4147,0.4224,0.4114,0.4214,1727816.1
2026-09-19 23:00:00+00:00,2026-09-19 23:59:59.999000+00:00,0.4214,0.424,0.4195,0.4203,1284988.5
2026-09-20 00:00:00+00:00,2026-09-20 00:59:59.999000+00:00,0.4202,0.423,0.4172,0.4201,1826793.0
2026-09-20 01:00:00+00:00,2026-09-20 01:59:59.999000+00:00,0.4202,0.4205,0.4086,0.4132,2540317.1
2026-09-20 02:00:00+00:00,2026-09-20 02:59:59.999000+00:00,0.4133,0.4168,0.4011,0.4014,5463383.2
2026-09-20 03:00:00+00:00,2026-09-20 03:59:59.999000+00:00,0.4015,0.4079,0.4014,0.4065,2096689.5
2026-09-20 04:00:00+00:00,2026-09-20 04:59:59.999000+00:00,0.4066,0.4089,0.4045,0.408,802309.8
2026-09-20 05:00:00+00:00,2026-09-20 05:59:59.999000+00:00,0.4081,0.4096,0.4051,0.4092,1279556.8
2026-09-20 06:00:00+00:00,2026-09-20 06:59:59.999000+00:00,0.4091,0.4114,0.4062,0.4082,1319186.2
2026-09-20 07:00:00+00:00,2026-09-20 07:59:59.999000+00:00,0.4083,0.4111,0.4074,0.4077,777637.1
2026-09-20 08:00:00+00:00,2026-09-20 08:59:59.999000+00:00,0.4077,0.4105,0.4066,0.4071,739845.9
2026-09-20 09:00:00+00:00,2026-09-20 09:59:59.999000+00:00,0.4071,0.4142,0.4065,0.4083,1595757.0
2026-09-20 10:00:00+00:00,2026-09-20 10:59:59.999000+00:00,0.4084,0.4157,0.4045,0.4099,3044750.4
2026-09-20 11:00:00+00:00,2026-09-20 11:59:59.999000+00:00,0.41,0.4152,0.4093,0.4134,1431715.6
2026-09-20 12:00:00+00:00,2026-09-20 12:59:59.999000+00:00,0.4133,0.4158,0.4093,0.413,2073950.0
2026-09-20 13:00:00+00:00,2026-09-20 13:59:59.999000+00:00,0.413,0.4133,0.4055,0.4075,1332903.9
2026-09-20 14:00:00+00:00,2026-09-20 14:59:59.999000+00:00,0.4074,0.4121,0.4073,0.4089,1311967.4
2026-09-20 15:00:00+00:00,2026-09-20 15:59:59.999000+00:00,0.409,0.4174,0.409,0.417,1592745.7
2026-09-20 16:00:00+00:00,2026-09-20 16:59:59.999000+00:00,0.417,0.4337,0.4153,0.4302,5398764.6
2026-09-20 17:00:00+00:00,2026-09-20 17:59:59.999000+00:00,0.4302,0.4308,0.4204,0.4221,3456378.3
2026-09-20 18:00:00+00:00,2026-09-20 18:59:59.999000+00:00,0.422,0.4254,0.4161,0.418,1508287.6
2026-09-20 19:00:00+00:00,2026-09-20 19:59:59.999000+00:00,0.418,0.4343,0.4179,0.4278,1973607.3
2026-09-20 20:00:00+00:00,2026-09-20 20:59:59.999000+00:00,0.4277,0.4328,0.4274,0.4282,1567949.2
2026-09-20 21:00:00+00:00,2026-09-20 21:59:59.999000+00:00,0.4282,0.4288,0.4204,0.4286,2364780.5
2026-09-20 22:00:00+00:00,2026-09-20 22:59:59.999000+00:00,0.4287,0.4395,0.4245,0.4339,4459807.1
2026-09-20 23:00:00+00:00,2026-09-20 23:59:59.999000+00:00,0.4339,0.438,0.4299,0.4326,3031526.3
2026-09-21 00:00:00+00:00,2026-09-21 00:59:59.999000+00:00,0.4327,0.4463,0.4326,0.4429,5985422.5
2026-09-21 01:00:00+00:00,2026-09-21 01:59:59.999000+00:00,0.4428,0.4445,0.4221,0.4238,4004733.0
2026-09-21 02:00:00+00:00,2026-09-21 02:59:59.999000+00:00,0.4238,0.4286,0.4216,0.4266,2933906.5
2026-09-21 03:00:00+00:00,2026-09-21 03:59:59.999000+00:00,0.4266,0.4332,0.4266,0.4304,1620490.7
2026-09-21 04:00:00+00:00,2026-09-21 04:59:59.999000+00:00,0.4304,0.4309,0.424,0.426,1580356.9
2026-09-21 05:00:00+00:00,2026-09-21 05:59:59.999000+00:00,0.426,0.4301,0.424,0.4291,1223923.0
2026-09-21 06:00:00+00:00,2026-09-21 06:59:59.999000+00:00,0.4291,0.4388,0.4278,0.4326,2553909.3
2026-09-21 07:00:00+00:00,2026-09-21 07:59:59.999000+00:00,0.4324,0.4346,0.428,0.4322,1365434.9
2026-09-21 08:00:00+00:00,2026-09-21 08:59:59.999000+00:00,0.4321,0.4419,0.4317,0.4409,4652289.3
2026-09-21 09:00:00+00:00,2026-09-21 09:59:59.999000+00:00,0.441,0.4448,0.4339,0.4356,4883397.5
2026-09-21 10:00:00+00:00,2026-09-21 10:59:59.999000+00:00,0.4357,0.456,0.4348,0.4495,7242240.1
2026-09-21 11:00:00+00:00,2026-09-21 11:59:59.999000+00:00,0.4495,0.4571,0.4483,0.4516,3777738.5
2026-09-21 12:00:00+00:00,2026-09-21 12:59:59.999000+00:00,0.4516,0.4588,0.4507,0.455,3836830.8
2026-09-21 13:00:00+00:00,2026-09-21 13:59:59.999000+00:00,0.455,0.456,0.4443,0.4525,4476299.2
2026-09-21 14:00:00+00:00,2026-09-21 14:59:59.999000+00:00,0.4524,0.4536,0.4445,0.4472,3621818.7
2026-09-21 15:00:00+00:00,2026-09-21 15:59:59.999000+00:00,0.447,0.4501,0.4372,0.4438,5037511.5
2026-09-21 16:00:00+00:00,2026-09-21 16:59:59.999000+00:00,0.4438,0.4535,0.4419,0.4467,5398729.9
2026-09-21 17:00:00+00:00,2026-09-21 17:59:59.999000+00:00,0.4466,0.4488,0.438,0.4398,2630515.9
2026-09-21 18:00:00+00:00,2026-09-21 18:59:59.999000+00:00,0.4398,0.4424,0.4357,0.4405,2513528.3
2026-09-21 19:00:00+00:00,2026-09-21 19:59:59.999000+00:00,0.4405,0.4444,0.4384,0.4444,1432538.0
2026-09-21 20:00:00+00:00,2026-09-21 20:59:59.999000+00:00,0.4444,0.4538,0.4437,0.4532,3522589.3
2026-09-21 21:00:00+00:00,2026-09-21 21:59:59.999000+00:00,0.4532,0.4557,0.4492,0.4505,1959292.2
2026-09-21 22:00:00+00:00,2026-09-21 22:59:59.999000+00:00,0.4504,0.4624,0.4502,0.4582,4761422.4
2026-09-21 23:00:00+00:00,2026-09-21 23:59:59.999000+00:00,0.4582,0.4609,0.4534,0.4579,2364514.2
2026-09-22 00:00:00+00:00,2026-09-22 00:59:59.999000+00:00,0.458,0.4639,0.4485,0.4493,3942998.8
2026-09-22 01:00:00+00:00,2026-09-22 01:59:59.999000+00:00,0.4494,0.451,0.4378,0.441,8155722.0
2026-09-22 02:00:00+00:00,2026-09-22 02:59:59.999000+00:00,0.441,0.4443,0.4369,0.438,4410322.8
2026-09-22 03:00:00+00:00,2026-09-22 03:59:59.999000+00:00,0.4379,0.441,0.4338,0.4398,3887632.2
2026-09-22 04:00:00+00:00,2026-09-22 04:59:59.999000+00:00,0.4399,0.4413,0.4312,0.4332,3240222.7
2026-09-22 05:00:00+00:00,2026-09-22 05:59:59.999000+00:00,0.4333,0.4371,0.4288,0.4341,2535760.4
2026-09-22 06:00:00+00:00,2026-09-22 06:59:59.999000+00:00,0.4341,0.4355,0.4302,0.4315,1824463.6
2026-09-22 07:00:00+00:00,2026-09-22 07:59:59.999000+00:00,0.4316,0.4342,0.4292,0.4322,3062547.1
2026-09-22 08:00:00+00:00,2026-09-22 08:59:59.999000+00:00,0.4323,0.439,0.4295,0.4377,3179891.1
2026-09-22 09:00:00+00:00,2026-09-22 09:59:59.999000+00:00,0.4376,0.4377,0.4312,0.434,3237056.6
2026-09-22 10:00:00+00:00,2026-09-22 10:59:59.999000+00:00,0.434,0.434,0.4252,0.4303,4146879.1
2026-09-22 11:00:00+00:00,2026-09-22 11:59:59.999000+00:00,0.4302,0.4319,0.4273,0.4296,1575393.3
2026-09-22 12:00:00+00:00,2026-09-22 12:59:59.999000+00:00,0.4295,0.4348,0.4262,0.4343,2921190.0
2026-09-22 13:00:00+00:00,2026-09-22 13:59:59.999000+00:00,0.4344,0.4367,0.4302,0.4363,4829479.3
2026-09-22 14:00:00+00:00,2026-09-22 14:59:59.999000+00:00,0.4361,0.4361,0.4218,0.4294,5750197.0
2026-09-22 15:00:00+00:00,2026-09-22 15:59:59.999000+00:00,0.4294,0.4338,0.4286,0.4296,2569586.3
2026-09-22 16:00:00+00:00,2026-09-22 16:59:59.999000+00:00,0.4296,0.432,0.4256,0.4293,3000466.1
2026-09-22 17:00:00+00:00,2026-09-22 17:59:59.999000+00:00,0.4293,0.4339,0.4286,0.4313,1673114.7
2026-09-22 18:00:00+00:00,2026-09-22 18:59:59.999000+00:00,0.4313,0.4359,0.4308,0.4328,1647300.4
2026-09-22 19:00:00+00:00,2026-09-22 19:59:59.999000+00:00,0.4329,0.4371,0.4329,0.4369,1690427.3
2026-09-22 20:00:00+00:00,2026-09-22 20:59:59.999000+00:00,0.437,0.4384,0.4341,0.4356,1043141.0
2026-09-22 21:00:00+00:00,2026-09-22 21:59:59.999000+00:00,0.4358,0.4375,0.4338,0.4353,1278792.5
2026-09-22 22:00:00+00:00,2026-09-22 22:59:59.999000+00:00,0.4352,0.441,0.4317,0.4378,1950124.3
2026-09-22 23:00:00+00:00,2026-09-22 23:59:59.999000+00:00,0.438,0.4444,0.4375,0.4413,2384687.2
2026-09-23 00:00:00+00:00,2026-09-23 00:59:59.999000+00:00,0.4412,0.4441,0.4361,0.4375,2404270.2
2026-09-23 01:00:00+00:00,2026-09-23 01:59:59.999000+00:00,0.4375,0.4423,0.4363,0.439,2801776.4
2026-09-23 02:00:00+00:00,2026-09-23 02:59:59.999000+00:00,0.4389,0.4427,0.4362,0.4426,1513027.9
2026-09-23 03:00:00+00:00,2026-09-23 03:59:59.999000+00:00,0.4425,0.4473,0.4407,0.4441,3566350.9
2026-09-23 04:00:00+00:00,2026-09-23 04:59:59.999000+00:00,0.4441,0.4458,0.4407,0.4429,2802084.9
2026-09-23 05:00:00+00:00,2026-09-23 05:59:59.999000+00:00,0.4428,0.4429,0.4371,0.4385,2088911.3
2026-09-23 06:00:00+00:00,2026-09-23 06:59:59.999000+00:00,0.4385,0.4429,0.4385,0.44,1308221.2
2026-09-23 07:00:00+00:00,2026-09-23 07:59:59.999000+00:00,0.44,0.4402,0.4333,0.435,3274423.7
2026-09-23 08:00:00+00:00,2026-09-23 08:59:59.999000+00:00,0.4351,0.4402,0.43,0.434,2632716.4
2026-09-23 09:00:00+00:00,2026-09-23 09:59:59.999000+00:00,0.4338,0.4393,0.4338,0.4363,1787342.9
2026-09-23 10:00:00+00:00,2026-09-23 10:59:59.999000+00:00,0.4364,0.4412,0.4326,0.4412,2123794.3
2026-09-23 11:00:00+00:00,2026-09-23 11:59:59.999000+00:00,0.441,0.4417,0.4309,0.4351,2086196.0
2026-09-23 12:00:00+00:00,2026-09-23 12:59:59.999000+00:00,0.4349,0.4354,0.4286,0.4319,2333252.8
2026-09-23 13:00:00+00:00,2026-09-23 13:59:59.999000+00:00,0.432,0.4322,0.427,0.4305,2601125.5
2026-09-23 14:00:00+00:00,2026-09-23 14:59:59.999000+00:00,0.4306,0.4328,0.4058,0.4204,15897191.6
2026-09-23 15:00:00+00:00,2026-09-23 15:59:59.999000+00:00,0.4203,0.4218,0.4106,0.411,2399263.6
2026-09-23 16:00:00+00:00,2026-09-23 16:59:59.999000+00:00,0.4108,0.4183,0.4043,0.4168,4485895.8
2026-09-23 17:00:00+00:00,2026-09-23 17:59:59.999000+00:00,0.4167,0.4186,0.4125,0.4166,1460801.3
2026-09-23 18:00:00+00:00,2026-09-23 18:59:59.999000+00:00,0.4166,0.4166,0.4109,0.4113,811350.1
2026-09-23 19:00:00+00:00,2026-09-23 19:59:59.999000+00:00,0.4114,0.4138,0.4103,0.4115,731221.0
2026-09-23 20:00:00+00:00,2026-09-23 20:59:59.999000+00:00,0.4115,0.413,0.4095,0.41,1258074.4
2026-09-23 21:00:00+00:00,2026-09-23 21:59:59.999000+00:00,0.41,0.4147,0.4087,0.4124,1070602.0
2026-09-23 22:00:00+00:00,2026-09-23 22:59:59.999000+00:00,0.4123,0.4159,0.4121,0.4141,1016593.1
2026-09-23 23:00:00+00:00,2026-09-23 23:59:59.999000+00:00,0.414,0.414,0.4116,0.4126,503631.1
2026-09-24 00:00:00+00:00,2026-09-24 00:59:59.999000+00:00,0.4126,0.4136,0.4073,0.4091,1305544.5
2026-09-24 01:00:00+00:00,2026-09-24 01:59:59.999000+00:00,0.4092,0.4122,0.408,0.4086,877164.1
2026-09-24 02:00:00+00:00,2026-09-24 02:59:59.999000+00:00,0.4087,0.42,0.4071,0.4175,1255214.2
2026-09-24 03:00:00+00:00,2026-09-24 03:59:59.999000+00:00,0.4176,0.4214,0.4155,0.4191,2198549.0
2026-09-24 04:00:00+00:00,2026-09-24 04:59:59.999000+00:00,0.419,0.4273,0.4179,0.4267,3403648.3
2026-09-24 05:00:00+00:00,2026-09-24 05:59:59.999000+00:00,0.4267,0.4323,0.4261,0.4283,3046164.1
2026-09-24 06:00:00+00:00,2026-09-24 06:59:59.999000+00:00,0.4284,0.4347,0.428,0.4304,2586221.7
2026-09-24 07:00:00+00:00,2026-09-24 07:59:59.999000+00:00,0.4304,0.4433,0.4287,0.4388,5990213.3
2026-09-24 08:00:00+00:00,2026-09-24 08:59:59.999000+00:00,0.4387,0.4401,0.4259,0.4293,3941865.8
2026-09-24 09:00:00+00:00,2026-09-24 09:59:59.999000+00:00,0.4294,0.4315,0.4203,0.4234,3833537.4
2026-09-24 10:00:00+00:00,2026-09-24 10:59:59.999000+00:00,0.4234,0.4257,0.4178,0.425,3486741.2
2026-09-24 11:00:00+00:00,2026-09-24 11:59:59.999000+00:00,0.4249,0.4295,0.4249,0.4283,2755202.8
2026-09-24 12:00:00+00:00,2026-09-24 12:59:59.999000+00:00,0.4282,0.471,0.428,0.4564,45876958.6
2026-09-24 13:00:00+00:00,2026-09-24 13:59:59.999000+00:00,0.4565,0.4881,0.4537,0.4855,27451793.0
2026-09-24 14:00:00+00:00,2026-09-24 14:59:59.999000+00:00,0.4854,0.515,0.4829,0.497,43504212.9
2026-09-24 15:00:00+00:00,2026-09-24 15:59:59.999000+00:00,0.497,0.5241,0.4935,0.5131,33219235.9
2026-09-24 16:00:00+00:00,2026-09-24 16:59:59.999000+00:00,0.5132,0.5248,0.5096,0.5183,14233703.8
2026-09-24 17:00:00+00:00,2026-09-24 17:59:59.999000+00:00,0.5181,0.5291,0.5145,0.523,12630100.4
2026-09-24 18:00:00+00:00,2026-09-24 18:59:59.999000+00:00,0.5231,0.5231,0.4977,0.5072,13846498.7
2026-09-24 19:00:00+00:00,2026-09-24 19:59:59.999000+00:00,0.5072,0.5194,0.5035,0.5115,4453660.1
