symbol,qa,status,score_0_10,exit_risk_0_10,1H_rsi,1H_mfi,1H_macd_percentile,4H_rsi,4H_mfi,4H_macd_percentile,1D_rsi,1D_mfi,1D_macd_percentile,extreme_confluence,zones,source
BTC,PASS,NO_TRADE,3,2,51.11557115715539,55.03862333998861,98.4,38.671209053801626,12.415376778652984,12.8,47.04770343128276,48.558803980227296,18.8,NORMAL,BRAK POTWIERDZONYCH STREF,SPOT
ETH,PASS,WATCH_SUPPLY,2,3,44.397853773022845,57.69441368419437,100.0,30.693493320246503,12.998847942266593,6.4,37.53688133365909,37.882612450374225,6.0,NORMAL,STREFY POTWIERDZONE,SPOT
SOL,PASS,WATCH_SUPPLY,4,3,43.024019615878096,50.84707002442514,96.39999999999999,28.06429954431468,18.31384093574242,1.2,43.333462917171204,49.53206604528428,7.199999999999999,WATCH_EXTREMES,STREFY POTWIERDZONE,SPOT
LINK,PASS,WATCH_SUPPLY,3,3,49.71308512848764,62.31774173587744,97.2,36.565654767411196,17.57143659637474,16.400000000000002,45.53439815101855,59.222994059292375,4.0,WATCH_EXTREMES,STREFY POTWIERDZONE,SPOT
ONDO,PASS,WATCH_SUPPLY,6,1,53.98056417543254,56.88334750825687,56.00000000000001,49.16795444569449,38.01313318530768,66.4,51.81608526280157,32.5638309710004,1.6,WATCH_EXTREMES,STREFY POTWIERDZONE,SPOT
RENDER,PASS,WATCH_SUPPLY,3,3,53.652577841330356,59.606530811470705,100.0,42.036362705762556,11.806706452618101,0.8,49.999102468814705,59.013450337455936,18.8,WATCH_EXTREMES,STREFY POTWIERDZONE,SPOT
FLOKI,PASS,NO_TRADE,1,2,56.24738282320233,48.80694050661962,93.60000000000001,41.31723804889999,23.77212218249167,12.0,45.134497768008565,46.48800909765365,18.4,NORMAL,STREFY POTWIERDZONE,SPOT
PEPE,PASS,WATCH_SUPPLY,2,3,51.81235421944018,62.01285748413924,99.2,37.18539113744965,18.768884298649397,12.4,42.932774633616944,36.602060529297525,4.3999999999999995,WATCH_EXTREMES,STREFY POTWIERDZONE,SPOT
SPX6900,PASS,NO_TRADE,1,2,50.81757064730418,39.28018151726506,98.8,34.569219286628964,20.783958668054126,28.799999999999997,35.32121675865886,21.05510166989086,16.8,NORMAL,STREFY POTWIERDZONE,SPOT_KRAKEN
XRP,PASS,NO_TRADE,1,2,51.72007435714542,56.80453677040297,98.4,36.88849091827606,17.33674860745272,17.2,41.23764987129083,46.95612916371986,7.199999999999999,NORMAL,STREFY POTWIERDZONE,SPOT
XLM,PASS,NO_TRADE,1,2,49.21518629709105,56.005490928787395,94.0,33.17169322223698,16.771334240558545,18.8,42.148742663178254,47.308636595581646,4.8,WATCH_EXTREMES,STREFY POTWIERDZONE,SPOT
HBAR,PASS,WATCH_SUPPLY,3,3,51.734827640214405,56.92810958512691,78.8,36.87209631772923,34.660295492578044,31.2,47.13162561058024,46.658850009683334,0.8,WATCH_EXTREMES,STREFY POTWIERDZONE,SPOT
AVAX,PASS,WATCH_SUPPLY,3,3,45.44569352169359,51.10950457228112,96.39999999999999,37.771836927797374,36.04490002177584,4.8,49.45341310144841,47.727387990293586,6.4,NORMAL,STREFY POTWIERDZONE,SPOT
AWE,PASS,NO_TRADE,2,2,45.98687003627759,63.621847968023495,73.2,33.98920575173162,7.127138223962106,43.6,42.45339329540399,58.61166560834395,6.800000000000001,NORMAL,STREFY POTWIERDZONE,SPOT
