symbol,label,overheat_score,oversold_score,extremes
BTC,NORMAL,0,0,
ETH,WATCH_EXTREMES,0,3,1D:MACD_WARNING_NEGATIVE
SOL,WATCH_EXTREMES,0,3,1D:MACD_WARNING_NEGATIVE
LINK,WATCH_EXTREMES,0,3,1D:MACD_EXTREME_NEGATIVE
ONDO,WATCH_EXTREMES,0,3,1D:MACD_WARNING_NEGATIVE
RENDER,NORMAL,0,0,
FLOKI,NORMAL,0,0,
PEPE,WATCH_EXTREMES,0,3,1D:MACD_WARNING_NEGATIVE
SPX6900,NORMAL,2,0,4H:MFI_OVERBOUGHT_WARNING
XRP,NORMAL,0,0,
XLM,WATCH_EXTREMES,0,3,1D:MACD_WARNING_NEGATIVE
HBAR,WATCH_EXTREMES,0,3,1D:MACD_EXTREME_NEGATIVE
AVAX,WATCH_EXTREMES,0,3,1D:MACD_WARNING_NEGATIVE
AWE,WATCH_EXTREMES,4,0,4H:MFI_OVERBOUGHT_WARNING | 4H:MACD_EXTREME_POSITIVE
