symbol,timeframe,macd_hist,macd_hist_percentile,macd_hist_zscore,macd_extreme_label,macd_extreme_warning,macd_extreme,lookback
BTC,1H,-73.38767546006486,27.6,-0.5512379255533991,NORMAL,False,False,250
BTC,4H,-3.8463049754345207,57.599999999999994,-0.03621323781390525,NORMAL,False,False,250
BTC,1D,221.08980491773764,58.4,0.31165497092840644,NORMAL,False,False,250
ETH,1H,-2.859911142468807,24.8,-0.6197524292652402,NORMAL,False,False,250
ETH,4H,-1.4169445821011468,50.4,-0.14041071066947183,NORMAL,False,False,250
ETH,1D,0.7491773169897868,52.400000000000006,0.007014332100243971,NORMAL,False,False,250
SOL,1H,-0.19611185746298293,25.6,-0.6693600579526466,NORMAL,False,False,250
SOL,4H,-0.08921569602883994,43.2,-0.26334955641661045,NORMAL,False,False,250
SOL,1D,1.0599397910197794,78.0,0.8349710793778373,NORMAL,False,False,250
LINK,1H,-0.02436819417907179,28.4,-0.6199407509483287,NORMAL,False,False,250
LINK,4H,-0.043867746311473665,24.4,-0.7059700354708164,NORMAL,False,False,250
LINK,1D,0.17605089643957506,96.8,1.5042408316205393,WARNING_POSITIVE,True,False,250
ONDO,1H,0.0027278666517924696,92.4,1.1150704301366179,NORMAL,False,False,250
ONDO,4H,-0.0006933911138410978,33.2,-0.4087220498113842,NORMAL,False,False,250
ONDO,1D,0.02049245341379215,100.0,4.066990410258972,EXTREME_POSITIVE,True,True,250
RENDER,1H,-0.0011872699647058893,50.0,-0.17334200818367432,NORMAL,False,False,250
RENDER,4H,-0.0003132908608911855,42.8,-0.16488094846430143,NORMAL,False,False,250
RENDER,1D,0.05269325859356286,98.4,2.044848274848044,EXTREME_POSITIVE,True,True,250
FLOKI,1H,-1.5859971860675867e-08,41.6,-0.1299014026021853,NORMAL,False,False,250
FLOKI,4H,-7.123477040815958e-08,30.4,-0.4124153435677351,NORMAL,False,False,250
FLOKI,1D,2.8768125837651314e-07,74.4,0.7024711740182215,NORMAL,False,False,250
PEPE,1H,-4.294534682643567e-09,34.0,-0.1527163907696893,NORMAL,False,False,250
PEPE,4H,-1.0714597390138992e-08,32.4,-0.29559736354558785,NORMAL,False,False,250
PEPE,1D,4.356774045861256e-08,83.2,0.7447300043826888,NORMAL,False,False,250
SPX6900,1H,-0.00018469687867667768,44.0,-0.057464112519005045,NORMAL,False,False,250
SPX6900,4H,6.820923011259441e-05,48.4,0.034165355120960195,NORMAL,False,False,250
SPX6900,1D,-0.006844288259920071,18.8,-0.8071599796661076,NORMAL,False,False,250
XRP,1H,-0.0009948338657471338,40.0,-0.2258293933843351,NORMAL,False,False,250
XRP,4H,-0.006067285006039197,22.8,-0.6261794244939961,NORMAL,False,False,250
XRP,1D,0.009484368782271761,75.2,0.5779327502829036,NORMAL,False,False,250
XLM,1H,9.122444654874556e-05,57.199999999999996,0.1625391813276328,NORMAL,False,False,250
XLM,4H,-0.0008436669760712775,19.6,-0.808966593593341,NORMAL,False,False,250
XLM,1D,0.002489841438208221,89.2,0.9422202930703436,NORMAL,False,False,250
HBAR,1H,0.00017701087389369673,79.60000000000001,0.6208618770330676,NORMAL,False,False,250
HBAR,4H,-8.657559587598243e-05,45.2,-0.2558176493055804,NORMAL,False,False,250
HBAR,1D,0.0013907326393670406,93.2,1.7649864923940282,WARNING_POSITIVE,True,False,250
AVAX,1H,-0.025656877549618803,24.4,-0.6216046663886431,NORMAL,False,False,250
AVAX,4H,0.014792134783156496,64.8,0.17603943880093512,NORMAL,False,False,250
AVAX,1D,0.17257663589288175,97.2,1.4483251993202322,WARNING_POSITIVE,True,False,250
AWE,1H,-0.00025982682994225414,9.6,-1.1202179716980976,NORMAL,False,False,250
AWE,4H,-0.0001527892101113931,20.0,-0.5553508142625004,NORMAL,False,False,250
AWE,1D,0.000607498904968412,80.4,0.5201803874148672,NORMAL,False,False,250
